Packsize Number,ID,Name,Length,Width,Height,Max Weight,Volume,Cost
1,12.5011.2509.75,125011250975(B),12.5,9.75,11.25,30,1371.09375,13.5654817708333
2,14.0011.5011.50,140011501150(J),14,11.5,11.5,30,1851.5,18.2715769444444
3,15.0014.5006.50,150014500650(F),15,6.5,14.5,30,1413.75,14.0122944444444
4,18.2512.0005.00,182512000500(G),18.25,5,12,30,1095,10.9048152777778
5,18.5010.2505.75,185010250575(G),18.5,5.75,10.25,30,1090.34375,10.8450884375
6,19.2510.0006.50,192510000650(H),19.25,6.5,10,30,1251.25,12.4215340277778
7,19.2514.2513.25,192514251325(F),19.25,13.25,14.25,30,3634.640625,35.6998270659722
8,19.5014.2505.00,195014250500(K),19.5,5,14.25,30,1389.375,13.8139
9,20.0019.2513.00,200019251300(S),20,13,19.25,30,5005,49.0685319444444
10,21.0010.7503.75,210010750375(G),21,3.75,10.75,30,846.5625,8.48763125
11,23.2514.5008.25,232514500825(R),23.25,8.25,14.5,30,2781.28125,27.4142853125
12,23.5010.7510.00,235010751000(J),23.5,10,10.75,30,2526.25,24.90638125
13,27.2515.2508.25,272515250825(N),27.25,8.25,15.25,30,3428.390625,33.7603062326389
14,28.0018.0014.25,280018001425(T),28,14.25,18,30,7182,70.2899516666667
15,28.5018.7505.25,285018750525(P),28.5,5.25,18.75,30,2805.46875,27.7773671875
16,29.2512.0010.75,292512001075(Q),29.25,10.75,12,30,3773.25,37.1087672916667
17,30.0016.7511.50,300016751150(S),30,11.5,16.75,30,5778.75,56.6605951388889
18,12.0009.5009.50,120009500950(B),12,9.5,9.5,30,1083,10.7386997222222
19,12.0009.5004.00,120009500400(C),12,4,9.5,30,456,4.58572444444444
20,13.0009.5004.00,130009500400(C),13,4,9.5,30,494,4.96478944444444
21,13.0010.0004.00,130010000400(C),13,4,10,30,520,5.22343333333333
22,13.0010.0004.50,130010000450(C),13,4.5,10,30,585,5.86056388888889
23,13.0010.0005.00,130010000500(C),13,5,10,30,650,6.49769444444444
24,13.0010.0006.50,130010000650(C),13,6.5,10,30,845,8.40908611111111
25,13.0010.0007.50,130010000750(B),13,7.5,10,30,975,9.68334722222222
26,13.0010.0010.00,130010001000(B),13,10,10,30,1300,12.869
27,13.0010.0006.00,130010000600(C),13,6,10,30,780,7.77195555555556
28,13.0010.0005.50,130010000550(C),13,5.5,10,30,715,7.134825
29,13.0010.0008.50,130010000850(B),13,8.5,10,30,1105,10.9576083333333
30,13.0010.0007.00,130010000700(B),13,7,10,30,910,9.04621666666667
31,14.0011.0008.00,140011000800(B),14,8,11,30,1232,12.2083266666667
32,14.0011.0009.00,140011000900(B),14,9,11,30,1386,13.7156522222222
33,14.0009.5007.50,140009500750(B),14,7.5,9.5,30,997.5,9.90658472222222
34,14.0010.0010.00,140010001000(B),14,10,10,30,1400,13.8514444444444
35,14.0010.5005.00,140010500500(G),14,5,10.5,30,735,7.34006388888889
36,14.0011.0005.50,140011000550(G),14,5.5,11,30,847,8.44001277777778
37,14.0011.0006.00,140011000600(G),14,6,11,30,924,9.19367555555556
38,14.0010.5004.00,140010500400(G),14,4,10.5,30,588,5.90063444444444
39,14.0011.0007.00,140011000700(B),14,7,11,30,1078,10.7010011111111
40,14.0010.5007.50,140010500750(B),14,7.5,10.5,30,1102.5,10.9386375
41,14.0010.5010.50,140010501050(D),14,10.5,10.5,30,1543.5,15.2569258333333
42,14.0010.5009.00,140010500900(B),14,9,10.5,30,1323,13.0977816666667
43,14.0011.0004.00,140011000400(G),14,4,11,30,616,6.17902444444444
44,14.0010.5004.50,140010500450(G),14,4.5,10.5,30,661.5,6.62034916666667
45,14.0010.5009.50,140010500950(B),14,9.5,10.5,30,1396.5,13.8174963888889
46,14.0008.0005.00,140008000500(C),14,5,8,30,560,5.60863333333333
47,14.0010.5006.50,140010500650(B),14,6.5,10.5,30,955.5,9.49920805555555
48,14.0010.5008.00,140010500800(B),14,8,10.5,30,1176,11.6583522222222
49,14.0010.0006.00,140010000600(C),14,6,10,30,840,8.36531111111111
50,14.0011.0011.00,140011001100(D),14,11,11,30,1694,16.7303033333333
51,14.0011.0007.50,140011000750(B),14,7.5,11,30,1155,11.4546638888889
52,14.0010.5005.50,140010500550(G),14,5.5,10.5,30,808.5,8.05977861111111
53,14.0011.0004.50,140011000450(G),14,4.5,11,30,693,6.93268722222222
54,14.0010.5008.50,140010500850(B),14,8.5,10.5,30,1249.5,12.3780669444444
55,14.0009.5009.50,140009500950(B),14,9.5,9.5,30,1263.5,12.5138591666667
56,14.0010.5006.00,140010500600(G),14,6,10.5,30,882,8.77949333333333
57,14.0010.0006.50,140010000650(C),14,6.5,10,30,910,9.05107777777778
58,14.0011.0006.50,140011000650(B),14,6.5,11,30,1001,9.94733833333333
59,14.0010.0005.00,140010000500(C),14,5,10,30,700,6.99377777777778
60,14.0010.5007.00,140010500700(B),14,7,10.5,30,1029,10.2189227777778
61,15.0010.0010.00,150010001000(B),15,10,10,30,1500,14.8338888888889
62,15.0011.0008.50,150011000850(B),15,8.5,11,30,1402.5,13.8813527777778
63,15.0011.0009.00,150011000900(B),15,9,11,30,1485,14.6884666666667
64,15.0011.0009.50,150011000950(B),15,9.5,11,30,1567.5,15.4955805555556
65,15.0011.0011.00,150011001100(D),15,11,11,30,1815,17.9169222222222
66,15.0011.5005.50,150011500550(G),15,5.5,11.5,30,948.75,9.44587222222222
67,15.0011.5006.00,150011500600(G),15,6,11.5,30,1035,10.2893416666667
68,15.0011.5006.50,150011500650(B),15,6.5,11.5,30,1121.25,11.1328111111111
69,15.0011.5007.00,150011500700(B),15,7,11.5,30,1207.5,11.9762805555556
70,15.0011.5007.50,150011500750(B),15,7.5,11.5,30,1293.75,12.81975
71,15.0011.5008.00,150011500800(B),15,8,11.5,30,1380,13.6632194444444
72,15.0011.5008.50,150011500850(B),15,8.5,11.5,30,1466.25,14.5066888888889
73,15.0011.5009.00,150011500900(B),15,9,11.5,30,1552.5,15.3501583333333
74,15.0011.5009.50,150011500950(B),15,9.5,11.5,30,1638.75,16.1936277777778
75,15.0011.5010.00,150011501000(B),15,10,11.5,30,1725,17.0370972222222
76,15.0011.5011.50,150011501150(J),15,11.5,11.5,30,1983.75,19.5675055555556
77,15.0010.5010.50,150010501050(D),15,10.5,10.5,30,1653.75,16.33905
78,15.0011.0008.00,150011000800(B),15,8,11,30,1320,13.0742388888889
79,15.0011.5004.00,150011500400(G),15,4,11.5,30,690,6.91546388888889
80,15.0011.5005.00,150011500500(G),15,5,11.5,30,862.5,8.60240277777778
81,15.0010.0008.00,150010000800(B),15,8,10,30,1200,11.8962777777778
82,15.0012.0005.00,150012000500(G),15,5,12,30,900,8.97325
83,15.0011.5004.50,150011500450(G),15,4.5,11.5,30,776.25,7.75893333333333
84,15.0012.0004.50,150012000450(G),15,4.5,12,30,810,8.093425
85,15.0012.0012.00,150012001200(F),15,12,12,30,2160,21.2908
86,15.0007.5006.50,150007500650(C),15,6.5,7.5,30,731.25,7.2935
87,15.0010.0004.50,150010000450(C),15,4.5,10,30,675,6.75545833333333
88,15.0012.0010.50,150012001050(D),15,10.5,12,30,1890,18.651325
89,15.0012.0006.00,150012000600(G),15,6,12,30,1080,10.7329
90,15.0011.0006.00,150011000600(G),15,6,11,30,990,9.84578333333333
91,15.0012.0006.50,150012000650(H),15,6.5,12,30,1170,11.612725
92,15.0012.0004.00,150012000400(G),15,4,12,30,720,7.2136
93,15.0012.0007.50,150012000750(H),15,7.5,12,30,1350,13.372375
94,15.0012.0007.00,150012000700(H),15,7,12,30,1260,12.49255
95,15.0012.0009.50,150012000950(D),15,9.5,12,30,1710,16.891675
96,15.0012.0010.00,150012001000(D),15,10,12,30,1800,17.7715
97,15.0012.0005.50,150012000550(G),15,5.5,12,30,990,9.853075
98,15.0008.0004.50,150008000450(C),15,4.5,8,30,540,5.41749166666667
99,15.0012.0009.00,150012000900(D),15,9,12,30,1620,16.01185
100,16.0012.5004.50,160012500450(K),16,4.5,12.5,30,900,8.98613194444444
101,16.0010.0004.50,160010000450(C),16,4.5,10,30,720,7.20290555555556
102,16.0011.5006.50,160011500650(B),16,6.5,11.5,30,1196,11.8701536111111
103,16.0011.0009.00,160011000900(B),16,9,11,30,1584,15.6612811111111
104,16.0012.5010.00,160012501000(D),16,10,12.5,30,2000,19.7315277777778
105,16.0011.5004.50,160011500450(G),16,4.5,11.5,30,828,8.27284138888889
106,16.0012.5005.50,160012500550(K),16,5.5,12.5,30,1100,10.9398402777778
107,16.0011.0006.00,160011000600(G),16,6,11,30,1056,10.4978911111111
108,16.0011.5007.00,160011500700(B),16,7,11.5,30,1288,12.7694816666667
109,16.0012.5009.50,160012500950(D),16,9.5,12.5,30,1900,18.7546736111111
110,16.0012.0008.00,160012000800(H),16,8,12,30,1536,15.1961244444444
111,16.0012.5006.50,160012500650(D),16,6.5,12.5,30,1300,12.8935486111111
112,16.0012.5006.00,160012500600(D),16,6,12.5,30,1200,11.9166944444444
113,16.0012.5010.50,160012501050(D),16,10.5,12.5,30,2100,20.7083819444444
114,16.0012.5009.00,160012500900(D),16,9,12.5,30,1800,17.7778194444444
115,16.0012.5012.50,160012501250(F),16,12.5,12.5,30,2500,24.6157986111111
116,16.0012.0008.50,160012000850(D),16,8.5,12,30,1632,16.1342155555556
117,16.0012.5007.00,160012500700(D),16,7,12.5,30,1400,13.8704027777778
118,16.0010.5008.00,160010500800(B),16,8,10.5,30,1344,13.3121644444444
119,16.0012.0005.00,160012000500(G),16,5,12,30,960,9.56757777777778
120,16.0012.5004.00,160012500400(K),16,4,12.5,30,800,8.00927777777778
121,16.0008.0005.00,160008000500(C),16,5,8,30,640,6.40431111111111
122,16.0011.0011.00,160011001100(D),16,11,11,30,1936,19.1035411111111
123,16.0009.5009.50,160009500950(B),16,9.5,9.5,30,1444,14.2890186111111
124,16.0011.5005.00,160011500500(G),16,5,11.5,30,920,9.17216944444444
125,16.0012.5007.50,160012500750(D),16,7.5,12.5,30,1500,14.8472569444444
126,16.0011.5009.50,160011500950(B),16,9.5,11.5,30,1748,17.2661219444444
127,16.0011.5004.00,160011500400(G),16,4,11.5,30,736,7.37351333333333
128,16.0011.5005.50,160011500550(G),16,5.5,11.5,30,1012,10.0714975
129,16.0011.5007.50,160011500750(B),16,7.5,11.5,30,1380,13.6688097222222
130,16.0012.5005.00,160012500500(K),16,5,12.5,30,1000,9.96298611111111
131,16.0012.5008.50,160012500850(D),16,8.5,12.5,30,1700,16.8009652777778
132,17.0010.0004.00,170010000400(C),17,4,10,30,680,6.81867777777778
133,17.0010.0004.50,170010000450(C),17,4.5,10,30,765,7.65035277777778
134,17.0011.5010.00,170011501000(B),17,10,11.5,30,1955,19.2938027777778
135,17.0012.5004.00,170012500400(K),17,4,12.5,30,850,8.50681944444444
136,17.0012.5004.50,170012500450(K),17,4.5,12.5,30,956.25,9.54434722222222
137,17.0012.5010.00,170012501000(D),17,10,12.5,30,2125,20.9571527777778
138,17.0013.5006.50,170013500650(L),17,6.5,13.5,30,1491.75,14.7814205555556
139,17.0013.5008.50,170013500850(L),17,8.5,13.5,30,1950.75,19.2608961111111
140,17.0013.5013.50,170013501350(F),17,13.5,13.5,30,3098.25,30.459585
141,17.0012.5005.00,170012500500(K),17,5,12.5,30,1062.5,10.581875
142,17.0012.5008.50,170012500850(D),17,8.5,12.5,30,1806.25,17.8445694444444
143,17.0013.5006.00,170013500600(L),17,6,13.5,30,1377,13.6615516666667
144,17.0012.5012.50,170012501250(F),17,12.5,12.5,30,2656.25,26.1447916666667
145,17.0013.0004.50,170013000450(K),17,4.5,13,30,994.5,9.92314611111111
146,17.0013.5008.00,170013500800(L),17,8,13.5,30,1836,18.1410272222222
147,17.0010.5009.00,170010500900(B),17,9,10.5,30,1606.5,15.8847616666667
148,17.0012.5007.00,170012500700(D),17,7,12.5,30,1487.5,14.7319861111111
149,17.0013.0011.00,170013001100(J),17,11,13,30,2431,23.9462244444444
150,17.0011.0008.00,170011000800(B),17,8,11,30,1496,14.8060633333333
151,17.0012.5006.00,170012500600(D),17,6,12.5,30,1275,12.6569305555556
152,17.0011.0011.00,170011001100(D),17,11,11,30,2057,20.29016
153,17.0011.5004.50,170011500450(G),17,4.5,11.5,30,879.75,8.78674944444444
154,17.0010.0010.00,170010001000(B),17,10,10,30,1700,16.7987777777778
155,17.0012.0012.00,170012001200(F),17,12,12,30,2448,24.1109066666667
156,17.0012.5006.50,170012500650(D),17,6.5,12.5,30,1381.25,13.6944583333333
157,17.0013.5009.00,170013500900(F),17,9,13.5,30,2065.5,20.380765
158,17.0011.5009.00,170011500900(B),17,9,11.5,30,1759.5,17.3834294444444
159,17.0010.0007.50,170010000750(B),17,7.5,10,30,1275,12.6404027777778
160,17.0013.0010.50,170013001050(E),17,10.5,13,30,2320.5,22.8675261111111
161,17.0012.0004.50,170012000450(G),17,4.5,12,30,918,9.16554833333333
162,17.0013.0010.00,170013001000(E),17,10,13,30,2210,21.7888277777778
163,17.0011.5005.50,170011500550(G),17,5.5,11.5,30,1075.25,10.6971227777778
164,17.0012.5007.50,170012500750(D),17,7.5,12.5,30,1593.75,15.7695138888889
165,18.0009.0009.00,180009000900(D),18,9,9,30,1458,14.43429
166,18.0010.0004.00,180010000400(C),18,4,10,30,720,7.21748888888889
167,18.0010.0005.00,180010000500(C),18,5,10,30,900,8.97811111111111
168,18.0010.0006.50,180010000650(C),18,6.5,10,30,1170,11.6190444444444
169,18.0010.0007.50,180010000750(H),18,7.5,10,30,1350,13.3796666666667
170,18.0010.5009.50,180010500950(D),18,9.5,10.5,30,1795.5,17.7376441666667
171,18.0011.0004.00,180011000400(G),18,4,11,30,792,7.93223777777778
172,18.0011.0008.00,180011000800(H),18,8,11,30,1584,15.6719755555556
173,18.0013.5011.50,180013501150(F),18,11.5,13.5,30,2794.5,27.4994725
174,18.0011.5004.50,180011500450(G),18,4.5,11.5,30,931.5,9.3006575
175,18.0012.0005.50,180012000550(G),18,5.5,12,30,1188,11.8108566666667
176,18.0011.5004.00,180011500400(G),18,4,11.5,30,828,8.28961222222222
177,18.0009.0004.50,180009000450(C),18,4.5,9,30,729,7.295895
178,18.0014.0006.00,180014000600(L),18,6,14,30,1512,14.9922266666667
179,18.0011.0004.50,180011000450(G),18,4.5,11,30,891,8.899705
180,18.0014.0005.00,180014000500(K),18,5,14,30,1260,12.5343555555556
181,18.0013.5007.00,180013500700(L),18,7,13.5,30,1701,16.831255
182,18.0012.5009.50,180012500950(D),18,9.5,12.5,30,2137.5,21.0845763888889
183,18.0011.5011.50,180011501150(J),18,11.5,11.5,30,2380.5,23.4552913888889
184,18.0012.5005.50,180012500550(K),18,5.5,12.5,30,1237.5,12.2989652777778
185,18.0012.5009.00,180012500900(D),18,9,12.5,30,2025,19.986375
186,18.0013.0007.50,180013000750(E),18,7.5,13,30,1755,17.3541916666667
187,18.0012.5012.50,180012501250(F),18,12.5,12.5,30,2812.5,27.6737847222222
188,18.0011.5008.00,180011500800(H),18,8,11.5,30,1656,16.3779744444444
189,18.0014.0011.50,180014001150(F),18,11.5,14,30,2898,28.5105177777778
190,18.0011.5009.00,180011500900(D),18,9,11.5,30,1863,18.400065
191,18.0013.5013.50,180013501350(F),18,13.5,13.5,30,3280.5,32.2409025
192,18.0014.0010.00,180014001000(F),18,10,14,30,2520,24.8237111111111
193,18.0014.0009.00,180014000900(F),18,9,14,30,2268,22.36584
194,18.0012.0010.00,180012001000(D),18,10,12,30,2160,21.3024666666667
195,18.0012.5010.00,180012501000(D),18,10,12.5,30,2250,22.1827777777778
196,18.0011.5010.00,180011501000(D),18,10,11.5,30,2070,20.4221555555556
197,18.0012.0008.50,180012000850(D),18,8.5,12,30,1836,18.1385966666667
198,18.0012.5008.50,180012500850(D),18,8.5,12.5,30,1912.5,18.8881736111111
199,18.0012.5011.00,180012501100(D),18,11,12.5,30,2475,24.3791805555556
200,18.0011.0009.00,180011000900(D),18,9,11,30,1782,17.60691
202,19.0014.5008.50,190014500850(F),19,8.5,14.5,30,2341.75,23.09574
203,19.0014.5011.50,190014501150(F),19,11.5,14.5,30,3168.25,31.1526433333333
204,19.0014.5012.00,190014501200(F),19,12,14.5,30,3306,32.4954605555556
205,19.0014.5014.50,190014501450(T),19,14.5,14.5,30,3994.75,39.2095466666667
206,19.0015.0004.00,190015000400(K),19,4,15,30,1140,11.3875055555556
207,19.0015.0005.00,190015000500(K),19,5,15,30,1425,14.1651111111111
208,19.0015.0007.50,190015000750(F),19,7.5,15,30,2137.5,21.109125
209,19.0011.5009.50,190011500950(E),19,9.5,11.5,30,2075.75,20.4836044444444
210,19.0012.5006.50,190012500650(E),19,6.5,12.5,30,1543.75,15.2962777777778
211,19.0015.0011.50,190015001150(F),19,11.5,15,30,3277.5,32.2195472222222
212,19.0013.5011.00,190013501100(F),19,11,13.5,30,2821.5,27.7679894444444
213,19.0011.5004.00,190011500400(G),19,4,11.5,30,874,8.74766166666667
214,19.0015.0004.50,190015000450(K),19,4.5,15,30,1282.5,12.7763083333333
215,19.0012.5008.50,190012500850(E),19,8.5,12.5,30,2018.75,19.9317777777778
216,19.0012.5004.00,190012500400(K),19,4,12.5,30,950,9.50190277777778
217,19.0012.5004.50,190012500450(K),19,4.5,12.5,30,1068.75,10.6607777777778
218,19.0009.5005.00,190009500500(G),19,5,9.5,30,902.5,9.00510277777778
219,19.0012.5012.50,190012501250(F),19,12.5,12.5,30,2968.75,29.2027777777778
220,19.0011.0009.00,190011000900(E),19,9,11,30,1881,18.5797244444444
221,19.0012.5010.00,190012501000(E),19,10,12.5,30,2375,23.4084027777778
222,19.0009.5007.50,190009500750(H),19,7.5,9.5,30,1353.75,13.4199111111111
223,19.0014.0011.50,190014001150(F),19,11.5,14,30,3059,30.0857394444444
224,19.0012.0008.00,190012000800(H),19,8,12,30,1824,18.0278977777778
225,19.0010.0004.00,190010000400(G),19,4,10,30,760,7.6163
226,19.0013.0010.00,190013001000(E),19,10,13,30,2470,24.33735
227,19.0014.5004.00,190014500400(K),19,4,14.5,30,1102,11.010385
228,19.0014.5004.50,190014500450(K),19,4.5,14.5,30,1239.75,12.3532022222222
229,19.0011.5010.00,190011501000(E),19,10,11.5,30,2185,21.5505083333333
230,19.0010.5008.00,190010500800(H),19,8,10.5,30,1596,15.7928827777778
231,19.0013.0004.00,190013000400(K),19,4,13,30,988,9.87902333333333
232,19.0013.0011.00,190013001100(J),19,11,13,30,2717,26.7470711111111
233,19.0010.0005.00,190010000500(G),19,5,10,30,950,9.47419444444444
234,19.0011.5008.50,190011500850(E),19,8.5,11.5,30,1857.25,18.3497966666667
235,19.0011.0008.00,190011000800(H),19,8,11,30,1672,16.5378877777778
236,19.0011.5004.50,190011500450(G),19,4.5,11.5,30,983.25,9.81456555555556
237,19.0011.5006.00,190011500600(G),19,6,11.5,30,1311,13.0152772222222
238,19.0010.0005.50,190010000550(G),19,5.5,10,30,1045,10.4031416666667
239,19.0013.0010.50,190013001050(E),19,10.5,13,30,2593.5,25.5422105555556
240,19.0007.0004.00,190007000400(G),19,4,7,30,532,5.35357666666667
241,19.0012.0008.50,190012000850(E),19,8.5,12,30,1938,19.1407872222222
242,19.0015.0010.50,190015001050(F),19,10.5,15,30,2992.5,29.4419416666667
243,20.0009.5004.00,200009500400(G),20,4,9.5,30,760,7.61824444444444
244,20.0010.0005.00,200010000500(G),20,5,10,30,1000,9.97027777777778
245,20.0010.0005.50,200010000550(G),20,5.5,10,30,1100,10.9478611111111
246,20.0010.0006.00,200010000600(G),20,6,10,30,1200,11.9254444444444
247,20.0010.0006.50,200010000650(H),20,6.5,10,30,1300,12.9030277777778
248,20.0010.0008.00,200010000800(H),20,8,10,30,1600,15.8357777777778
249,20.0010.5005.00,200010500500(G),20,5,10.5,30,1050,10.4639305555556
250,20.0011.0008.00,200011000800(H),20,8,11,30,1760,17.4038
251,20.0011.5005.00,200011500500(G),20,5,11.5,30,1150,11.4512361111111
252,20.0011.5005.50,200011500550(G),20,5.5,11.5,30,1265,12.5739986111111
253,20.0011.5007.00,200011500700(H),20,7,11.5,30,1610,15.9422861111111
254,20.0011.5007.50,200011500750(H),20,7.5,11.5,30,1725,17.0650486111111
255,20.0011.5008.00,200011500800(H),20,8,11.5,30,1840,18.1878111111111
256,20.0011.5011.50,200011501150(J),20,11.5,11.5,30,2645,26.0471486111111
257,20.0012.0004.00,200012000400(G),20,4,12,30,960,9.60257777777778
258,20.0012.0004.50,200012000450(G),20,4.5,12,30,1080,10.7737333333333
259,20.0012.0006.00,200012000600(G),20,6,12,30,1440,14.2872
260,20.0012.0008.00,200012000800(H),20,8,12,30,1920,18.9718222222222
261,20.0012.0009.00,200012000900(J),20,9,12,30,2160,21.3141333333333
262,20.0012.0010.00,200012001000(J),20,10,12,30,2400,23.6564444444444
263,20.0012.0012.00,200012001200(F),20,12,12,30,2880,28.3410666666667
264,20.0012.5005.00,200012500500(K),20,5,12.5,30,1250,12.4385416666667
265,20.0012.5008.00,200012500800(L),20,8,12.5,30,2000,19.7558333333333
266,20.0012.5009.00,200012500900(J),20,9,12.5,30,2250,22.1949305555556
267,20.0012.5009.50,200012500950(J),20,9.5,12.5,30,2375,23.4144791666667
268,20.0012.5012.50,200012501250(F),20,12.5,12.5,30,3125,30.7317708333333
269,20.0013.0011.50,200013001150(J),20,11.5,13,30,2990,29.4154361111111
270,20.0011.0008.50,200011000850(L),20,8.5,11,30,1870,18.4781694444444
271,20.0011.5006.00,200011500600(G),20,6,11.5,30,1380,13.6967611111111
272,20.0013.5012.00,200013501200(F),20,12,13.5,30,3240,31.8545333333333
273,20.0009.5004.50,200009500450(G),20,4.5,9.5,30,855,8.54743472222222
274,20.0011.5009.00,200011500900(J),20,9,11.5,30,2070,20.4333361111111
275,20.0010.0004.00,200010000400(G),20,4,10,30,800,8.01511111111111
276,20.0010.5005.50,200010500550(G),20,5.5,10.5,30,1155,11.4899069444444
277,20.0011.5010.00,200011501000(J),20,10,11.5,30,2300,22.6788611111111
278,20.0010.0004.50,200010000450(G),20,4.5,10,30,900,8.99269444444444
279,20.0015.5011.00,200015501100(F),20,11,15.5,30,3410,33.5193416666667
280,20.0013.5011.50,200013501150(F),20,11.5,13.5,30,3105,30.5381986111111
281,20.0009.5005.50,200009500550(G),20,5.5,9.5,30,1045,10.4058152777778
282,20.0013.5011.00,200013501100(F),20,11,13.5,30,2970,29.2218638888889
283,20.0011.5006.50,200011500650(H),20,6.5,11.5,30,1495,14.8195236111111
284,20.0016.0010.00,200016001000(F),20,10,16,30,3200,31.4771111111111
285,20.0015.5013.00,200015501300(F),20,13,15.5,30,4030,39.5589694444444
286,20.0011.5004.50,200011500450(G),20,4.5,11.5,30,1035,10.3284736111111
287,20.0015.0011.50,200015001150(F),20,11.5,15,30,3450,33.9064861111111
288,20.0011.5004.00,200011500400(G),20,4,11.5,30,920,9.20571111111111
289,20.0008.5004.50,200008500450(G),20,4.5,8.5,30,765,7.65691527777778
290,20.0016.0011.50,200016001150(F),20,11.5,16,30,3680,36.1520111111111
291,20.0015.5006.50,200015500650(F),20,6.5,15.5,30,2015,19.9301791666667
292,20.0015.5008.00,200015500800(F),20,8,15.5,30,2480,24.4599
293,20.0008.0004.00,200008000400(G),20,4,8,30,640,6.42764444444444
294,20.0010.0007.50,200010000750(H),20,7.5,10,30,1500,14.8581944444444
295,20.0013.0011.00,200013001100(J),20,11,13,30,2860,28.1474944444444
296,20.0013.0005.00,200013000500(K),20,5,13,30,1300,12.9321944444444
297,20.0011.0004.50,200011000450(G),20,4.5,11,30,990,9.88321388888889
298,20.0013.5010.00,200013501000(F),20,10,13.5,30,2700,26.5891944444444
299,20.0007.0005.00,200007000500(G),20,5,7,30,700,7.00836111111111
300,20.0013.0006.00,200013000600(L),20,6,13,30,1560,15.4680777777778
301,20.0013.0004.00,200013000400(K),20,4,13,30,1040,10.3963111111111
302,20.0010.5004.00,200010500400(G),20,4,10.5,30,840,8.41197777777778
303,20.0011.0006.00,200011000600(G),20,6,11,30,1320,13.1063222222222
304,20.0008.5005.00,200008500500(G),20,5,8.5,30,850,8.48931944444444
305,20.0014.0007.50,200014000750(L),20,7.5,14,30,2100,20.7431388888889
306,20.0013.0010.00,200013001000(J),20,10,13,30,2600,25.6116111111111
307,20.0012.5010.00,200012501000(J),20,10,12.5,30,2500,24.6340277777778
308,20.0015.5013.50,200015501350(F),20,13.5,15.5,30,4185,41.0688763888889
309,20.0014.5009.50,200014500950(F),20,9.5,14.5,30,2755,27.1312402777778
310,20.0008.0005.00,200008000500(G),20,5,8,30,800,7.99566666666667
311,20.0015.5011.50,200015501150(F),20,11.5,15.5,30,3565,35.0292486111111
312,20.0016.0013.50,200016001350(F),20,13.5,16,30,4320,42.3852111111111
313,20.0008.0004.50,200008000450(G),20,4.5,8,30,720,7.21165555555556
314,20.0013.0004.50,200013000450(K),20,4.5,13,30,1170,11.6642527777778
315,20.0013.5004.00,200013500400(K),20,4,13.5,30,1080,10.7931777777778
316,20.0011.0005.50,200011000550(G),20,5.5,11,30,1210,12.0319527777778
317,20.0014.0011.50,200014001150(F),20,11.5,14,30,3220,31.6609611111111
318,20.0016.0008.00,200016000800(F),20,8,16,30,2560,25.2439111111111
319,20.0016.0011.00,200016001100(F),20,11,16,30,3520,34.5937111111111
320,20.0011.5009.50,200011500950(J),20,9.5,11.5,30,2185,21.5560986111111
321,20.0012.0009.50,200012000950(J),20,9.5,12,30,2280,22.4852888888889
323,20.0014.5010.50,200014501050(F),20,10.5,14.5,30,3045,29.9574819444444
324,20.0014.5006.00,200014500600(F),20,6,14.5,30,1740,17.2393944444444
325,21.0011.0005.50,210011000550(G),21,5.5,11,30,1270.5,12.6306094444444
326,21.0013.0008.00,210013000800(L),21,8,13,30,2184,21.5617811111111
327,21.0008.5005.50,210008500550(G),21,5.5,8.5,30,981.75,9.78553722222222
328,21.0011.5008.00,210011500800(H),21,8,11.5,30,1932,19.0927294444444
329,21.0013.5009.50,210013500950(R),21,9.5,13.5,30,2693.25,26.5302683333333
330,21.0010.0004.00,210010000400(G),21,4,10,30,840,8.41392222222222
331,21.0016.0013.50,210016001350(S),21,13.5,16,30,4536,44.4939716666667
332,21.0011.5005.50,210011500550(G),21,5.5,11.5,30,1328.25,13.1996238888889
333,21.0011.5004.00,210011500400(G),21,4,11.5,30,966,9.66376055555556
334,21.0010.0004.50,210010000450(G),21,4.5,10,30,945,9.44014166666667
335,21.0016.0011.50,210016001150(I),21,11.5,16,30,3864,37.9506672222222
336,21.0011.5010.00,210011501000(J),21,10,11.5,30,2415,23.8072138888889
337,21.0011.5009.00,210011500900(J),21,9,11.5,30,2173.5,21.4499716666667
338,21.0010.0006.00,210010000600(G),21,6,10,30,1260,12.5188
339,21.0008.0005.50,210008000550(G),21,5.5,8,30,924,9.21652277777778
340,21.0011.0004.50,210011000450(G),21,4.5,11,30,1039.5,10.3749683333333
341,21.0016.5011.00,210016501100(I),21,11,16.5,30,3811.5,37.4426616666667
342,21.0014.0011.50,210014001150(I),21,11.5,14,30,3381,33.2361827777778
343,21.0014.5010.50,210014501050(I),21,10.5,14.5,30,3197.25,31.447955
344,21.0011.5004.50,210011500450(G),21,4.5,11.5,30,1086.75,10.8423816666667
345,21.0010.5004.50,210010500450(G),21,4.5,10.5,30,992.25,9.907555
346,21.0008.5004.00,210008500400(G),21,4,8.5,30,714,7.16408388888889
347,21.0010.0005.00,210010000500(G),21,5,10,30,1050,10.4663611111111
348,21.0010.0006.50,210010000650(H),21,6.5,10,30,1365,13.5450194444444
349,21.0010.0005.50,210010000550(G),21,5.5,10,30,1155,11.4925805555556
350,21.0010.5009.50,210010500950(J),21,9.5,10.5,30,2094.75,20.677755
351,21.0012.5009.00,210012500900(J),21,9,12.5,30,2362.5,23.2992083333333
352,21.0010.0007.00,210010000700(H),21,7,10,30,1470,14.5712388888889
353,21.0011.5005.00,210011500500(G),21,5,11.5,30,1207.5,12.0210027777778
354,21.0011.5006.50,210011500650(H),21,6.5,11.5,30,1569.75,15.5568661111111
355,21.0010.5005.50,210010500550(G),21,5.5,10.5,30,1212.75,12.061595
356,21.0010.5004.00,210010500400(G),21,4,10.5,30,882,8.830535
357,21.0013.0009.50,210013000950(J),21,9.5,13,30,2593.5,25.5548494444444
358,21.0016.5004.50,210016500450(I),21,4.5,16.5,30,1559.25,15.516515
359,21.0016.0010.00,210016001000(I),21,10,16,30,3360,33.0431888888889
360,21.0010.5008.00,210010500800(H),21,8,10.5,30,1764,17.446695
361,21.0010.0010.00,210010001000(J),21,10,10,30,2100,20.7285555555556
362,21.0010.5006.00,210010500600(G),21,6,10.5,30,1323,13.138615
363,21.0014.5011.50,210014501150(I),21,11.5,14.5,30,3501.75,34.4148038888889
364,21.0010.0008.50,210010000850(L),21,8.5,10,30,1785,17.6498972222222
365,21.0012.0012.00,210012001200(Q),21,12,12,30,3024,29.75112
366,21.0016.5011.50,210016501150(I),21,11.5,16.5,30,3984.75,39.1292883333333
367,21.0011.0009.00,210011000900(J),21,9,11,30,2079,20.5253533333333
368,21.0015.5013.00,210015501300(S),21,13,15.5,30,4231.5,41.5271227777778
369,21.0011.5006.00,210011500600(G),21,6,11.5,30,1449,14.378245
370,21.0012.5006.00,210012500600(L),21,6,12.5,30,1575,15.617875
371,21.0013.5010.50,210013501050(I),21,10.5,13.5,30,2976.75,29.293915
372,21.0011.5011.50,210011501150(J),21,11.5,11.5,30,2777.25,27.3430772222222
373,21.0014.0012.00,210014001200(I),21,12,14,30,3528,34.6688066666667
374,21.0011.5007.50,210011500750(H),21,7.5,11.5,30,1811.25,17.9141083333333
375,21.0011.5007.00,210011500700(H),21,7,11.5,30,1690.5,16.7354872222222
376,21.0012.0005.00,210012000500(G),21,5,12,30,1260,12.5392166666667
377,21.0011.0006.00,210011000600(G),21,6,11,30,1386,13.75843
378,21.0010.5006.50,210010500650(H),21,6.5,10.5,30,1433.25,14.215635
379,22.0010.0004.00,220010000400(G),22,4,10,30,880,8.81273333333333
380,22.0010.0004.50,220010000450(G),22,4.5,10,30,990,9.88758888888889
381,22.0011.0006.00,220011000600(G),22,6,11,30,1452,14.4105377777778
382,22.0011.5004.00,220011500400(G),22,4,11.5,30,1012,10.12181
383,22.0011.5006.50,220011500650(H),22,6.5,11.5,30,1644.5,16.2942086111111
384,22.0011.5010.00,220011501000(J),22,10,11.5,30,2530,24.9355666666667
385,22.0011.5011.50,220011501150(J),22,11.5,11.5,30,2909.5,28.6390058333333
386,22.0012.0004.00,220012000400(G),22,4,12,30,1056,10.5581688888889
387,22.0013.0007.50,220013000750(L),22,7.5,13,30,2145,21.1896138888889
388,22.0013.0008.00,220013000800(L),22,8,13,30,2288,22.5837177777778
389,22.0013.0009.00,220013000900(J),22,9,13,30,2574,25.3719255555556
390,22.0013.0010.00,220013001000(J),22,10,13,30,2860,28.1601333333333
391,22.0013.5006.00,220013500600(L),22,6,13.5,30,1782,17.6564933333333
392,22.0013.5008.00,220013500800(L),22,8,13.5,30,2376,23.4457411111111
393,22.0014.0011.50,220014001150(I),22,11.5,14,30,3542,34.8114044444444
394,22.0014.5011.50,220014501150(I),22,11.5,14.5,30,3668.5,36.0458841666667
395,22.0015.0011.50,220015001150(I),22,11.5,15,30,3795,37.2803638888889
396,22.0015.0012.00,220015001200(I),22,12,15,30,3960,38.8873
397,22.0015.5011.50,220015501150(I),22,11.5,15.5,30,3921.5,38.5148436111111
398,22.0016.0010.00,220016001000(I),22,10,16,30,3520,34.6092666666667
399,22.0017.0010.50,220017001050(N),22,10.5,17,30,3927,38.5787461111111
400,22.0017.0012.50,220017001250(P),22,12.5,17,30,4675,45.8578194444444
401,22.0017.5009.00,220017500900(N),22,9,17.5,30,3465,34.0878805555556
402,22.0017.5011.00,220017501100(N),22,11,17.5,30,4235,41.5797861111111
403,22.0017.5011.50,220017501150(N),22,11.5,17.5,30,4427.5,43.4527625
404,22.0017.5013.00,220017501300(S),22,13,17.5,30,5005,49.0716916666667
405,22.0012.0005.00,220012000500(G),22,5,12,30,1320,13.1335444444444
406,22.0014.5012.00,220014501200(I),22,12,14.5,30,3828,37.5996122222222
407,22.0010.5005.00,220010500500(G),22,5,10.5,30,1155,11.5052194444444
408,22.0012.0004.50,220012000450(G),22,4.5,12,30,1188,11.8458566666667
409,22.0011.5005.00,220011500500(G),22,5,11.5,30,1265,12.5907694444444
410,22.0012.0007.50,220012000750(H),22,7.5,12,30,1980,19.5719833333333
411,22.0012.0010.00,220012001000(J),22,10,12,30,2640,26.0104222222222
412,22.0008.0008.00,220008000800(H),22,8,8,30,1408,13.9634844444444
413,22.0012.0008.00,220012000800(H),22,8,12,30,2112,20.8596711111111
414,22.0011.5006.00,220011500600(G),22,6,11.5,30,1518,15.0597288888889
415,22.0010.5006.00,220010500600(G),22,6,10.5,30,1386,13.7613466666667
416,22.0013.5012.00,220013501200(I),22,12,13.5,30,3564,35.0242366666667
417,22.0012.0006.00,220012000600(G),22,6,12,30,1584,15.70892
418,22.0011.5005.50,220011500550(G),22,5.5,11.5,30,1391.5,13.8252491666667
419,22.0013.5011.00,220013501100(I),22,11,13.5,30,3267,32.1296127777778
420,22.0016.0008.00,220016000800(I),22,8,16,30,2816,27.7558577777778
421,22.0013.0005.00,220013000500(K),22,5,13,30,1430,14.2190944444444
422,22.0013.0011.50,220013001150(J),22,11.5,13,30,3289,32.342445
423,22.0011.5009.00,220011500900(J),22,9,11.5,30,2277,22.4666072222222
424,22.0012.0005.50,220012000550(G),22,5.5,12,30,1452,14.4212322222222
425,22.0012.0009.00,220012000900(J),22,9,12,30,2376,23.4350466666667
426,22.0010.0005.00,220010000500(G),22,5,10,30,1100,10.9624444444444
427,22.0012.0007.00,220012000700(H),22,7,12,30,1848,18.2842955555556
428,22.0012.0012.00,220012001200(Q),22,12,12,30,3168,31.1611733333333
429,22.0010.5004.00,220010500400(G),22,4,10.5,30,924,9.24909222222222
430,22.0012.5006.50,220012500650(L),22,6.5,12.5,30,1787.5,17.6990069444444
431,22.0011.5009.50,220011500950(J),22,9.5,11.5,30,2403.5,23.7010869444444
432,22.0011.0004.00,220011000400(G),22,4,11,30,968,9.68545111111111
433,22.0011.5004.50,220011500450(G),22,4.5,11.5,30,1138.5,11.3562897222222
434,22.0012.5006.00,220012500600(L),22,6,12.5,30,1650,16.3581111111111
435,22.0011.0008.00,220011000800(H),22,8,11,30,1936,19.1356244444444
436,22.0011.5007.00,220011500700(H),22,7,11.5,30,1771,17.5286883333333
437,22.0014.5004.00,220014500400(K),22,4,14.5,30,1276,12.7399633333333
438,22.0011.0004.50,220011000450(G),22,4.5,11,30,1089,10.8667227777778
439,22.0011.0008.50,220011000850(L),22,8.5,11,30,2057,20.3168961111111
440,22.0012.0006.50,220012000650(H),22,6.5,12,30,1716,16.9966077777778
441,22.0011.0007.50,220011000750(H),22,7.5,11,30,1815,17.9543527777778
442,22.0014.0012.00,220014001200(I),22,12,14,30,3696,36.3119244444444
443,22.0017.5012.50,220017501250(P),22,12.5,17.5,30,4812.5,47.1987152777778
444,23.0007.0004.00,230007000400(G),23,4,7,30,644,6.47491444444444
445,23.0008.0004.00,230008000400(G),23,4,8,30,736,7.38712444444444
446,23.0010.0004.00,230010000400(G),23,4,10,30,920,9.21154444444445
447,23.0010.0004.50,230010000450(G),23,4.5,10,30,1035,10.3350361111111
448,23.0010.0005.00,230010000500(G),23,5,10,30,1150,11.4585277777778
449,23.0010.0005.50,230010000550(G),23,5.5,10,30,1265,12.5820194444444
450,23.0010.0006.00,230010000600(G),23,6,10,30,1380,13.7055111111111
451,23.0010.0006.50,230010000650(H),23,6.5,10,30,1495,14.8290027777778
452,23.0010.0007.00,230010000700(H),23,7,10,30,1610,15.9524944444444
453,23.0010.5004.00,230010500400(G),23,4,10.5,30,966,9.66764944444444
454,23.0010.5004.50,230010500450(G),23,4.5,10.5,30,1086.75,10.8467566666667
455,23.0010.5005.00,230010500500(G),23,5,10.5,30,1207.5,12.0258638888889
456,23.0010.5006.50,230010500650(H),23,6.5,10.5,30,1569.75,15.5631855555556
457,23.0010.5008.00,230010500800(H),23,8,10.5,30,1932,19.1005072222222
458,23.0010.5009.00,230010500900(J),23,9,10.5,30,2173.5,21.4587216666667
459,23.0011.0004.00,230011000400(G),23,4,11,30,1012,10.1237544444444
460,23.0011.0005.00,230011000500(G),23,5,11,30,1265,12.5932
461,23.0011.0005.50,230011000550(G),23,5.5,11,30,1391.5,13.8279227777778
462,23.0011.0007.00,230011000700(H),23,7,11,30,1771,17.5320911111111
463,23.0011.0008.00,230011000800(H),23,8,11,30,2024,20.0015366666667
464,23.0011.5004.00,230011500400(G),23,4,11.5,30,1058,10.5798594444444
465,23.0011.5004.50,230011500450(G),23,4.5,11.5,30,1190.25,11.8701977777778
466,23.0011.5005.00,230011500500(G),23,5,11.5,30,1322.5,13.1605361111111
467,23.0011.5005.50,230011500550(G),23,5.5,11.5,30,1454.75,14.4508744444444
468,23.0011.5006.00,230011500600(G),23,6,11.5,30,1587,15.7412127777778
469,23.0012.0006.00,230012000600(G),23,6,12,30,1656,16.41978
470,23.0014.0005.00,230014000500(K),23,5,14,30,1610,15.9972166666667
471,23.0014.0004.50,230014000450(K),23,4.5,14,30,1449,14.4288005555556
472,23.0011.5008.50,230011500850(L),23,8.5,11.5,30,2248.25,22.1929044444444
473,23.0013.0004.50,230013000450(K),23,4.5,13,30,1345.5,13.4053594444444
474,23.0012.0004.50,230012000450(G),23,4.5,12,30,1242,12.3819183333333
475,23.0011.5008.00,230011500800(H),23,8,11.5,30,2116,20.9025661111111
476,23.0013.5011.00,230013501100(I),23,11,13.5,30,3415.5,33.5834872222222
477,23.0012.0004.00,230012000400(G),23,4,12,30,1104,11.0359644444444
478,23.0012.5009.50,230012500950(J),23,9.5,12.5,30,2731.25,26.9093333333333
479,23.0013.5012.00,230013501200(I),23,12,13.5,30,3726,36.6090883333333
480,23.0014.5004.00,230014500400(K),23,4,14.5,30,1334,13.3164894444444
481,23.0012.0005.50,230012000550(G),23,5.5,12,30,1518,15.0738261111111
482,23.0015.5010.00,230015501000(I),23,10,15.5,30,3565,35.0518527777778
483,23.0012.0005.00,230012000500(G),23,5,12,30,1380,13.7278722222222
484,23.0014.5004.50,230014500450(K),23,4.5,14.5,30,1500.75,14.9405211111111
485,23.0015.0009.00,230015000900(R),23,9,15,30,3105,30.5690666666667
486,23.0012.5005.50,230012500550(K),23,5.5,12.5,30,1581.25,15.6967777777778
487,23.0012.0007.00,230012000700(H),23,7,12,30,1932,19.1116877777778
488,23.0012.0010.50,230012001050(J),23,10.5,12,30,2898,28.533365
489,23.0016.0011.00,230016001100(I),23,11,16,30,4048,39.7571011111111
490,23.0012.5009.00,230012500900(J),23,9,12.5,30,2587.5,25.5077638888889
491,23.0011.5009.00,230011500900(J),23,9,11.5,30,2380.5,23.4832427777778
492,23.0012.5004.00,230012500400(K),23,4,12.5,30,1150,11.4920694444444
493,23.0012.5005.00,230012500500(K),23,5,12.5,30,1437.5,14.2952083333333
494,23.0016.5012.00,230016501200(I),23,12,16.5,30,4554,44.6848116666667
495,23.0012.0007.50,230012000750(H),23,7.5,12,30,2070,20.4576416666667
496,23.0007.5006.50,230007500650(H),23,6.5,7.5,30,1121.25,11.1580888888889
497,23.0013.0009.50,230013000950(J),23,9.5,13,30,2840.5,27.9772094444444
498,23.0017.0013.00,230017001300(S),23,13,17,30,5083,49.8349844444444
499,23.0013.0005.50,230013000550(K),23,5.5,13,30,1644.5,16.3197294444444
500,23.0018.0011.00,230018001100(N),23,11,18,30,4554,44.6959922222222
501,23.0011.5007.00,230011500700(H),23,7,11.5,30,1851.5,18.3218894444444
502,23.0016.5011.00,230016501100(I),23,11,16.5,30,4174.5,40.9918238888889
503,23.0016.0014.00,230016001400(T),23,14,16,30,5152,50.5023711111111
504,23.0012.0008.50,230012000850(L),23,8.5,12,30,2346,23.1495494444444
505,23.0012.0006.50,230012000650(H),23,6.5,12,30,1794,17.7657338888889
506,23.0014.0005.50,230014000550(K),23,5.5,14,30,1771,17.5656327777778
507,23.0011.5006.50,230011500650(H),23,6.5,11.5,30,1719.25,17.0315511111111
508,23.0014.0004.00,230014000400(K),23,4,14,30,1288,12.8603844444444
509,23.0014.0006.50,230014000650(L),23,6.5,14,30,2093,20.702465
510,23.0013.5009.50,230013500950(R),23,9.5,13.5,30,2949.75,29.0450855555556
511,23.0012.0010.00,230012001000(J),23,10,12,30,2760,27.1874111111111
512,23.0014.0012.00,230014001200(I),23,12,14,30,3864,37.9550422222222
513,23.0012.0008.00,230012000800(H),23,8,12,30,2208,21.8035955555556
514,23.0017.5010.50,230017501050(N),23,10.5,17.5,30,4226.25,41.5035444444444
515,23.0009.5004.00,230009500400(G),23,4,9.5,30,874,8.75543944444444
516,23.0014.5007.00,230014500700(R),23,7,14.5,30,2334.5,23.0606794444444
517,23.0011.5010.00,230011501000(J),23,10,11.5,30,2645,26.0639194444444
518,23.0009.0009.00,230009000900(J),23,9,9,30,1863,18.42194
519,24.0013.5004.50,240013500450(K),24,4.5,13.5,30,1458,14.5196025
520,24.0013.5005.00,240013500500(K),24,5,13.5,30,1620,16.0978916666667
521,24.0013.5006.00,240013500600(L),24,6,13.5,30,1944,19.25447
522,24.0014.0010.50,240014001050(M),24,10.5,14,30,3528,34.6892233333333
523,24.0015.0008.00,240015000800(R),24,8,15,30,2880,28.3877333333333
524,24.0015.0009.00,240015000900(R),24,9,15,30,3240,31.89245
525,24.0016.0011.50,240016001150(N),24,11.5,16,30,4416,43.3466355555556
526,24.0011.0005.50,240011000550(K),24,5.5,11,30,1452,14.4265794444444
527,24.0012.5008.00,240012500800(L),24,8,12.5,30,2400,23.6875555555556
528,24.0019.0010.50,240019001050(N),24,10.5,19,30,4788,46.9907316666667
529,24.0011.5005.50,240011500550(K),24,5.5,11.5,30,1518,15.0764997222222
530,24.0009.0004.50,240009000450(K),24,4.5,9,30,972,9.714735
531,24.0013.0005.00,240013000500(K),24,5,13,30,1560,15.5059944444444
532,24.0014.5008.00,240014500800(R),24,8,14.5,30,2784,27.4476977777778
533,24.0008.5004.00,240008500400(K),24,4,8.5,30,816,8.18280222222222
534,24.0011.5004.50,240011500450(K),24,4.5,11.5,30,1242,12.3841058333333
535,24.0011.0006.00,240011000600(L),24,6,11,30,1584,15.7147533333333
536,24.0012.5008.50,240012500850(L),24,8.5,12.5,30,2550,25.1497986111111
537,24.0011.5008.00,240011500800(L),24,8,11.5,30,2208,21.8074844444444
538,24.0012.0004.00,240012000400(K),24,4,12,30,1152,11.51376
539,24.0012.0005.50,240012000550(K),24,5.5,12,30,1584,15.72642
540,24.0013.0006.00,240013000600(L),24,6,13,30,1872,18.5465266666667
541,24.0012.0004.50,240012000450(K),24,4.5,12,30,1296,12.91798
542,24.0010.0007.00,240010000700(L),24,7,10,30,1680,16.6431222222222
543,24.0011.5005.00,240011500500(K),24,5,11.5,30,1380,13.7303027777778
544,24.0015.0004.00,240015000400(K),24,4,15,30,1440,14.3688666666667
545,24.0008.5008.50,240008500850(L),24,8.5,8.5,30,1734,17.1653297222222
546,24.0012.5004.50,240012500450(K),24,4.5,12.5,30,1350,13.4518541666667
547,24.0011.5008.50,240011500850(L),24,8.5,11.5,30,2346,23.1536813888889
548,24.0012.5006.00,240012500600(L),24,6,12.5,30,1800,17.8385833333333
549,24.0013.5008.00,240013500800(L),24,8,13.5,30,2592,25.5676266666667
550,24.0011.5006.00,240011500600(L),24,6,11.5,30,1656,16.4226966666667
551,24.0014.0008.00,240014000800(L),24,8,14,30,2688,26.5076622222222
552,24.0014.0004.50,240014000450(K),24,4.5,14,30,1512,15.0534766666667
553,24.0019.0010.00,240019001000(N),24,10,19,30,4560,44.7741888888889
554,24.0010.0004.00,240010000400(K),24,4,10,30,960,9.61035555555556
555,24.0013.5009.50,240013500950(R),24,9.5,13.5,30,3078,30.3024941666667
556,24.0014.0011.50,240014001150(N),24,11.5,14,30,3864,37.9618477777778
557,24.0012.0006.00,240012000600(L),24,6,12,30,1728,17.13064
558,24.0012.5012.50,240012501250(P),24,12.5,12.5,30,3750,36.8477430555556
559,24.0015.0012.50,240015001250(P),24,12.5,15,30,4500,44.1589583333333
560,24.0013.0004.00,240013000400(K),24,4,13,30,1248,12.4654622222222
561,24.0013.0011.50,240013001150(J),24,11.5,13,30,3588,35.2694538888889
562,24.0010.0010.00,240010001000(J),24,10,10,30,2400,23.6758888888889
563,24.0014.0009.00,240014000900(R),24,9,14,30,3024,29.7802866666667
564,24.0015.5013.00,240015501300(S),24,13,15.5,30,4836,47.4315827777778
565,24.0018.5011.00,240018501100(N),24,11,18.5,30,4884,47.9191005555556
566,24.0011.5004.00,240011500400(K),24,4,11.5,30,1104,11.0379088888889
567,24.0012.5005.50,240012500550(K),24,5.5,12.5,30,1650,16.3763402777778
568,24.0008.5007.50,240008500750(L),24,7.5,8.5,30,1530,15.1692125
569,24.0011.5007.00,240011500700(L),24,7,11.5,30,1932,19.1150905555556
570,24.0015.5004.00,240015500400(M),24,4,15.5,30,1488,14.8447177777778
571,24.0012.5006.50,240012500650(L),24,6.5,12.5,30,1950,19.3008263888889
572,24.0011.0004.50,240011000450(K),24,4.5,11,30,1188,11.8502316666667
573,24.0012.5010.50,240012501050(J),24,10.5,12.5,30,3150,30.9987708333333
574,24.0008.5006.50,240008500650(L),24,6.5,8.5,30,1326,13.1730952777778
575,24.0010.5004.00,240010500400(K),24,4,10.5,30,1008,10.0862066666667
576,24.0018.0006.00,240018000600(N),24,6,18,30,2592,25.62596
577,24.0014.5007.00,240014500700(R),24,7,14.5,30,2436,24.0590272222222
578,24.0015.0005.50,240015000550(K),24,5.5,15,30,1980,19.6259416666667
579,24.0014.5004.50,240014500450(K),24,4.5,14.5,30,1566,15.5873508333333
580,24.0015.5011.50,240015501150(N),24,11.5,15.5,30,4278,42.0004386111111
581,24.0010.5005.00,240010500500(K),24,5,10.5,30,1260,12.5465083333333
582,24.0014.0005.00,240014000500(K),24,5,14,30,1680,16.6897888888889
583,24.0012.5010.00,240012501000(J),24,10,12.5,30,3000,29.5365277777778
584,24.0017.5006.00,240017500600(N),24,6,17.5,30,2520,24.9180166666667
585,24.0012.0007.00,240012000700(L),24,7,12,30,2016,19.93908
586,24.0014.5012.00,240014501200(N),24,12,14.5,30,4176,41.00238
587,24.0016.5013.00,240016501300(S),24,13,16.5,30,5148,50.472115
588,24.0014.5005.00,240014500500(K),24,5,14.5,30,1740,17.2816861111111
589,24.0018.0012.00,240018001200(N),24,12,18,30,5184,50.83192
590,24.0015.0013.50,240015001350(S),24,13.5,15,30,4860,47.663675
591,25.0008.5008.50,250008500850(L),25,8.5,8.5,30,1806.25,17.877625
592,25.0011.0005.50,250011000550(O),25,5.5,11,30,1512.5,15.0252361111111
593,25.0012.0004.00,250012000400(O),25,4,12,30,1200,11.9915555555556
594,25.0012.0004.50,250012000450(O),25,4.5,12,30,1350,13.4540416666667
595,25.0012.0006.00,250012000600(L),25,6,12,30,1800,17.8415
596,25.0012.0007.50,250012000750(L),25,7.5,12,30,2250,22.2289583333333
597,25.0012.5005.00,250012500500(O),25,5,12.5,30,1562.5,15.5329861111111
598,25.0012.5005.50,250012500550(O),25,5.5,12.5,30,1718.75,17.0559027777778
599,25.0013.0004.50,250013000450(O),25,4.5,13,30,1462.5,14.5660972222222
600,25.0013.0005.50,250013000550(O),25,5.5,13,30,1787.5,17.7327916666667
601,25.0013.5009.50,250013500950(R),25,9.5,13.5,30,3206.25,31.5599027777778
602,25.0013.5012.00,250013501200(N),25,12,13.5,30,4050,39.7787916666667
603,25.0014.0009.50,250014000950(R),25,9.5,14,30,3325,32.7202361111111
604,25.0016.0010.50,250016001050(M),25,10.5,16,30,4200,41.2534305555556
605,25.0016.5011.00,250016501100(N),25,11,16.5,30,4537.5,44.5409861111111
606,25.0019.0010.00,250019001000(N),25,10,19,30,4750,46.6320833333333
607,25.0019.0010.50,250019001050(N),25,10.5,19,30,4987.5,48.9405972222222
608,25.0019.5004.00,250019500400(N),25,4,19.5,30,1950,19.4255138888889
609,25.0019.5010.00,250019501000(N),25,10,19.5,30,4875,47.8528472222222
610,25.0019.5011.00,250019501100(N),25,11,19.5,30,5362.5,52.5907361111111
611,25.0019.5011.50,250019501150(N),25,11.5,19.5,30,5606.25,54.9596805555556
612,25.0020.0008.00,250020000800(N),25,8,20,30,4000,39.3561111111111
613,25.0020.0011.00,250020001100(N),25,11,20,30,5500,53.9323611111111
614,25.0020.0013.50,250020001350(T),25,13.5,20,30,6750,66.0792361111111
615,25.0010.5009.50,250010500950(Q),25,9.5,10.5,30,2493.75,24.5979027777778
616,25.0011.5005.00,250011500500(O),25,5,11.5,30,1437.5,14.3000694444444
617,25.0011.0008.00,250011000800(L),25,8,11,30,2200,21.7333611111111
618,25.0012.0005.00,250012000500(O),25,5,12,30,1500,14.9165277777778
619,25.0014.5004.00,250014500400(O),25,4,14.5,30,1450,14.4695416666667
620,25.0014.5005.00,250014500500(O),25,5,14.5,30,1812.5,17.9988194444444
621,25.0012.0005.50,250012000550(O),25,5.5,12,30,1650,16.3790138888889
622,25.0010.5004.00,250010500400(O),25,4,10.5,30,1050,10.5047638888889
623,25.0011.0005.00,250011000500(O),25,5,11,30,1375,13.6836111111111
624,25.0010.5004.50,250010500450(O),25,4.5,10.5,30,1181.25,11.7859583333333
625,25.0013.0011.50,250013001150(N),25,11.5,13,30,3737.5,36.7329583333333
626,25.0012.0007.00,250012000700(L),25,7,12,30,2100,20.7664722222222
627,25.0011.0004.00,250011000400(O),25,4,11,30,1100,11.0003611111111
628,25.0011.5007.00,250011500700(L),25,7,11.5,30,2012.5,19.9082916666667
629,25.0011.0004.50,250011000450(O),25,4.5,11,30,1237.5,12.3419861111111
630,25.0013.5006.00,250013500600(L),25,6,13.5,30,2025,20.0534583333333
631,25.0011.5005.50,250011500550(O),25,5.5,11.5,30,1581.25,15.702125
632,25.0011.5006.50,250011500650(L),25,6.5,11.5,30,1868.75,18.5062361111111
633,25.0011.0007.00,250011000700(L),25,7,11,30,1925,19.0501111111111
634,25.0014.5004.50,250014500450(O),25,4.5,14.5,30,1631.25,16.2341805555556
635,25.0017.5011.50,250017501150(N),25,11.5,17.5,30,5031.25,49.3514583333333
636,25.0014.5008.00,250014500800(R),25,8,14.5,30,2900,28.5866527777778
637,25.0013.0004.00,250013000400(O),25,4,13,30,1300,12.98275
638,25.0013.5006.50,250013500650(L),25,6.5,13.5,30,2193.75,21.6972361111111
639,25.0012.0008.00,250012000800(L),25,8,12,30,2400,23.6914444444444
640,25.0015.0011.50,250015001150(N),25,11.5,15,30,4312.5,42.3411805555556
641,25.0013.5011.50,250013501150(N),25,11.5,13.5,30,3881.25,38.1350138888889
642,25.0010.5005.50,250010500550(O),25,5.5,10.5,30,1443.75,14.3483472222222
643,25.0011.5004.50,250011500450(O),25,4.5,11.5,30,1293.75,12.8980138888889
644,25.0013.0006.50,250013000650(L),25,6.5,13,30,2112.5,20.8994861111111
645,25.0013.0011.00,250013001100(M),25,11,13,30,3575,35.1496111111111
646,25.0011.5004.00,250011500400(O),25,4,11.5,30,1150,11.4959583333333
647,25.0012.5004.50,250012500450(O),25,4.5,12.5,30,1406.25,14.0100694444444
648,25.0013.0010.50,250013001050(M),25,10.5,13,30,3412.5,33.5662638888889
649,25.0012.5006.00,250012500600(L),25,6,12.5,30,1875,18.5788194444444
650,25.0013.0005.00,250013000500(O),25,5,13,30,1625,16.1494444444444
651,25.0012.0009.00,250012000900(Q),25,9,12,30,2700,26.6164166666667
652,25.0013.0007.50,250013000750(L),25,7.5,13,30,2437.5,24.0661805555556
653,25.0020.0005.50,250020000550(N),25,5.5,20,30,2750,27.2092361111111
654,25.0013.0010.00,250013001000(R),25,10,13,30,3250,31.9829166666667
655,26.0007.5006.00,260007500600(L),26,6,7.5,30,1170,11.6521
656,26.0009.5004.00,260009500400(O),26,4,9.5,30,988,9.89263444444444
657,26.0009.5004.50,260009500450(O),26,4.5,9.5,30,1111.5,11.0991963888889
658,26.0011.0008.00,260011000800(L),26,8,11,30,2288,22.5992733333333
659,26.0011.5004.00,260011500400(O),26,4,11.5,30,1196,11.9540077777778
660,26.0011.5004.50,260011500450(O),26,4.5,11.5,30,1345.5,13.4119219444444
661,26.0011.5005.00,260011500500(O),26,5,11.5,30,1495,14.8698361111111
662,26.0011.5005.50,260011500550(O),26,5.5,11.5,30,1644.5,16.3277502777778
663,26.0011.5006.50,260011500650(L),26,6.5,11.5,30,1943.5,19.2435786111111
664,26.0011.5008.00,260011500800(L),26,8,11.5,30,2392,23.6173211111111
665,26.0011.5008.50,260011500850(L),26,8.5,11.5,30,2541.5,25.0752352777778
666,26.0011.5010.00,260011501000(Q),26,10,11.5,30,2990,29.4489777777778
667,26.0012.0004.00,260012000400(O),26,4,12,30,1248,12.4693511111111
668,26.0012.0004.50,260012000450(O),26,4.5,12,30,1404,13.9901033333333
669,26.0012.0005.00,260012000500(O),26,5,12,30,1560,15.5108555555556
670,26.0012.0006.00,260012000600(L),26,6,12,30,1872,18.55236
671,26.0012.0006.50,260012000650(L),26,6.5,12,30,2028,20.0731122222222
672,26.0012.0008.00,260012000800(L),26,8,12,30,2496,24.6353688888889
673,26.0012.0008.50,260012000850(L),26,8.5,12,30,2652,26.1561211111111
674,26.0015.0013.50,260015001350(S),26,13.5,15,30,5265,51.6192416666667
675,26.0015.0004.00,260015000400(R),26,4,15,30,1560,15.5614111111111
676,26.0013.5011.50,260013501150(N),26,11.5,13.5,30,4036.5,39.6543769444444
677,26.0014.5005.50,260014500550(O),26,5.5,14.5,30,2073.5,20.5508952777778
678,26.0013.5005.00,260013500500(O),26,5,13.5,30,1755,17.4339138888889
679,26.0014.0011.50,260014001150(N),26,11.5,14,30,4186,41.1122911111111
680,26.0012.5004.50,260012500450(O),26,4.5,12.5,30,1462.5,14.5682847222222
681,26.0013.5009.50,260013500950(R),26,9.5,13.5,30,3334.5,32.8173113888889
682,26.0013.5005.50,260013500550(O),26,5.5,13.5,30,1930.5,19.1431802777778
683,26.0012.0010.50,260012001050(Q),26,10.5,12,30,3276,32.23913
684,26.0018.0012.00,260018001200(N),26,12,18,30,5616,55.0504133333333
685,26.0013.5004.50,260013500450(O),26,4.5,13.5,30,1579.5,15.7246475
686,26.0014.5006.50,260014500650(R),26,6.5,14.5,30,2450.5,24.2207802777778
687,26.0012.5005.50,260012500550(O),26,5.5,12.5,30,1787.5,17.7354652777778
688,26.0013.5006.00,260013500600(L),26,6,13.5,30,2106,20.8524466666667
689,26.0017.5012.00,260017501200(N),26,12,17.5,30,5460,53.5296611111111
690,26.0013.5008.00,260013500800(L),26,8,13.5,30,2808,27.6895122222222
691,26.0012.5004.00,260012500400(O),26,4,12.5,30,1300,12.9846944444444
692,26.0015.0008.00,260015000800(R),26,8,15,30,3120,30.7436555555556
693,26.0019.5011.50,260019501150(N),26,11.5,19.5,30,5830.5,57.1493469444444
694,26.0014.5004.00,260014500400(O),26,4,14.5,30,1508,15.0460677777778
695,26.0016.0004.00,260016000400(M),26,4,16,30,1664,16.5920977777778
696,26.0017.0011.50,260017001150(N),26,11.5,17,30,5083,49.8597761111111
697,26.0015.0011.50,260015001150(N),26,11.5,15,30,4485,44.0281194444444
698,26.0017.0013.50,260017001350(S),26,13.5,17,30,5967,58.4563072222222
699,26.0014.0008.50,260014000850(L),26,8.5,14,30,3094,30.4796644444444
700,26.0014.0014.00,260014001400(T),26,14,14,30,5096,49.9728133333333
701,26.0013.5006.50,260013500650(L),26,6.5,13.5,30,2281.5,22.5617130555556
702,26.0012.5006.50,260012500650(L),26,6.5,12.5,30,2112.5,20.9026458333333
703,26.0020.0011.50,260020001150(N),26,11.5,20,30,5980,58.6072611111111
704,26.0016.0011.50,260016001150(N),26,11.5,16,30,4784,46.9439477777778
705,26.0013.0011.50,260013001150(N),26,11.5,13,30,3887,38.1964627777778
706,26.0012.5005.00,260012500500(O),26,5,12.5,30,1625,16.151875
707,26.0015.0011.00,260015001100(M),26,11,15,30,4290,42.1303388888889
708,26.0013.0004.00,260013000400(O),26,4,13,30,1352,13.5000377777778
709,26.0017.0006.00,260017000600(N),26,6,17,30,2652,26.2193155555556
710,26.0014.0007.50,260014000750(L),26,7.5,14,30,2730,26.9354555555556
711,26.0018.5014.50,260018501450(T),26,14.5,18.5,30,6974.5,68.2594002777778
712,26.0019.0014.00,260019001400(T),26,14,19,30,6916,67.6938577777778
713,26.0019.0011.50,260019001150(N),26,11.5,19,30,5681,55.6914327777778
714,26.0014.5013.00,260014501300(S),26,13,14.5,30,4901,48.0750327777778
715,27.0015.0009.50,270015000950(R),27,9.5,15,30,3847.5,37.8330916666667
716,27.0013.5006.00,270013500600(R),27,6,13.5,30,2187,21.651435
717,27.0011.5009.00,270011500900(Q),27,9,11.5,30,2794.5,27.549785
718,27.0015.0010.50,270015001050(M),27,10.5,15,30,4252.5,41.774075
719,27.0014.0006.00,270014000600(R),27,6,14,30,2268,22.4475066666667
720,27.0017.0014.00,270017001400(T),27,14,17,30,6426,62.9275188888889
721,27.0015.5005.00,270015500500(M),27,5,15.5,30,2092.5,20.7642472222222
722,27.0013.5005.00,270013500500(O),27,5,13.5,30,1822.5,18.101925
723,27.0015.5012.50,270015501250(P),27,12.5,15.5,30,5231.25,51.3003055555556
724,27.0012.5006.50,270012500650(R),27,6.5,12.5,30,2193.75,21.7035555555556
725,27.0011.5005.50,270011500550(O),27,5.5,11.5,30,1707.75,16.9533755555556
726,27.0012.0006.00,270012000600(Q),27,6,12,30,1944,19.26322
727,27.0011.5007.00,270011500700(Q),27,7,11.5,30,2173.5,21.4946938888889
728,27.0018.0005.00,270018000500(N),27,5,18,30,2430,24.09215
729,27.0017.0011.50,270017001150(N),27,11.5,17,30,5278.5,51.7701494444444
730,27.0017.5011.50,270017501150(N),27,11.5,17.5,30,5433.75,53.2839222222222
731,27.0012.5008.00,270012500800(R),27,8,12.5,30,2700,26.6363472222222
732,27.0013.0011.50,270013001150(N),27,11.5,13,30,4036.5,39.6599672222222
733,27.0010.5008.50,270010500850(Q),27,8.5,10.5,30,2409.75,23.7914133333333
734,27.0012.5004.00,270012500400(O),27,4,12.5,30,1350,13.4822361111111
735,27.0008.0005.00,270008000500(O),27,5,8,30,1080,10.7805388888889
736,27.0015.0012.00,270015001200(N),27,12,15,30,4860,47.68555
737,27.0018.0013.50,270018001350(S),27,13.5,18,30,6561,64.245555
738,27.0015.5011.50,270015501150(N),27,11.5,15.5,30,4812.75,47.2288311111111
739,27.0015.0008.00,270015000800(R),27,8,15,30,3240,31.9216166666667
740,27.0011.5004.00,270011500400(O),27,4,11.5,30,1242,12.4120572222222
741,27.0012.0008.00,270012000800(Q),27,8,12,30,2592,25.5792933333333
742,27.0015.0005.50,270015000550(R),27,5.5,15,30,2227.5,22.0691583333333
743,27.0010.5004.00,270010500400(O),27,4,10.5,30,1134,11.3418783333333
744,27.0012.0004.00,270012000400(O),27,4,12,30,1296,12.9471466666667
745,27.0019.0011.00,270019001100(N),27,11,19,30,5643,55.3327844444444
746,27.0020.0012.00,270020001200(N),27,12,20,30,6480,63.4757333333333
747,27.0011.5008.00,270011500800(Q),27,8,11.5,30,2484,24.5222394444444
748,27.0015.5014.50,270015501450(T),27,14.5,15.5,30,6068.25,59.4432544444444
749,27.0012.5008.50,270012500850(R),27,8.5,12.5,30,2868.75,28.2806111111111
750,27.0011.5004.50,270011500450(O),27,4.5,11.5,30,1397.25,13.92583
751,27.0012.5006.00,270012500600(R),27,6,12.5,30,2025,20.0592916666667
752,27.0017.5013.00,270017501300(S),27,13,17.5,30,6142.5,60.1740805555555
753,27.0009.0009.00,270009000900(Q),27,9,9,30,2187,21.61206
754,27.0009.0004.50,270009000450(O),27,4.5,9,30,1093.5,10.924155
755,27.0018.0014.50,270018001450(T),27,14.5,18,30,7047,68.969485
756,27.0019.0013.00,270019001300(S),27,13,19,30,6669,65.3026088888889
757,27.0016.0011.00,270016001100(M),27,11,16,30,4752,46.6416211111111
758,28.0016.5011.50,280016501150(N),28,11.5,16.5,30,5313,52.1108913888889
759,28.0016.5012.00,280016501200(N),28,12,16.5,30,5544,54.3570533333333
760,28.0016.5014.00,280016501400(T),28,14,16.5,30,6468,63.3417011111111
761,28.0017.0013.50,280017001350(S),28,13.5,17,30,6426,62.9357827777778
762,28.0018.0010.00,280018001000(N),28,10,18,30,5040,49.4724222222222
763,28.0010.0010.00,280010001000(Q),28,10,10,30,2800,27.6056666666667
764,28.0010.5008.00,280010500800(Q),28,8,10.5,30,2352,23.2350377777778
765,28.0019.5012.50,280019501250(P),28,12.5,19.5,30,6825,66.8328402777778
766,28.0019.5010.00,280019501000(N),28,10,19.5,30,5460,53.5724388888889
767,28.0010.5007.50,280010500750(Q),28,7.5,10.5,30,2205,21.8007125
768,28.0011.5006.00,280011500600(Q),28,6,11.5,30,1932,19.1486322222222
769,28.0019.5011.50,280019501150(N),28,11.5,19.5,30,6279,61.5286797222222
770,28.0012.5008.00,280012500800(R),28,8,12.5,30,2800,27.6192777777778
771,28.0015.5012.00,280015501200(N),28,12,15.5,30,5208,51.0824844444444
772,28.0019.5007.50,280019500750(N),28,7.5,19.5,30,4095,40.3120375
773,28.0013.5006.00,280013500600(R),28,6,13.5,30,2268,22.4504233333333
774,28.0015.0011.50,280015001150(N),28,11.5,15,30,4830,47.4019972222222
775,28.0013.5011.50,280013501150(N),28,11.5,13.5,30,4347,42.6931030555556
776,28.0015.0004.00,280015000400(R),28,4,15,30,1680,16.7539555555556
777,28.0012.5006.50,280012500650(R),28,6.5,12.5,30,2275,22.5044652777778
778,28.0019.5009.50,280019500950(N),28,9.5,19.5,30,5187,50.9203586111111
779,28.0016.0012.00,280016001200(N),28,12,16,30,5376,52.7197688888889
780,28.0014.5012.00,280014501200(N),28,12,14.5,30,4872,47.8079155555556
781,28.0014.5006.00,280014500600(R),28,6,14.5,30,2436,24.1013188888889
782,28.0012.5007.50,280012500750(R),28,7.5,12.5,30,2625,25.9143402777778
783,28.0014.0012.50,280014001250(P),28,12.5,14,30,4900,48.0785277777778
784,28.0019.0010.00,280019001000(N),28,10,19,30,5320,52.2057666666667
785,28.0017.0014.00,280017001400(T),28,14,17,30,6664,65.2495977777778
786,28.0011.5004.50,280011500450(O),28,4.5,11.5,30,1449,14.4397380555556
787,28.0011.5008.00,280011500800(Q),28,8,11.5,30,2576,25.4271577777778
788,28.0016.0011.50,280016001150(N),28,11.5,16,30,5152,50.54126
789,28.0014.5009.00,280014500900(R),28,9,14.5,30,3654,35.9546172222222
790,28.0012.5011.00,280012501100(N),28,11,12.5,30,3850,37.8489027777778
791,28.0012.5006.00,280012500600(R),28,6,12.5,30,2100,20.7995277777778
792,28.0011.5005.00,280011500500(O),28,5,11.5,30,1610,16.0093694444444
793,28.0020.0012.00,280020001200(N),28,12,20,30,6720,65.8180444444444
794,28.0020.0014.00,280020001400(T),28,14,20,30,7840,76.6969777777778
795,28.0018.5012.50,280018501250(P),28,12.5,18.5,30,6475,63.4229652777778
796,28.0012.5012.50,280012501250(P),28,12.5,12.5,30,4375,42.9637152777778
797,28.0018.5013.50,280018501350(S),28,13.5,18.5,30,6993,68.4565136111111
798,28.0020.0013.00,280020001300(T),28,13,20,30,7280,71.2575111111111
799,28.0019.5012.00,280019501200(N),28,12,19.5,30,6552,64.18076
800,28.0020.0011.00,280020001100(N),28,11,20,30,6160,60.3785777777778
801,28.0016.0014.00,280016001400(T),28,14,16,30,6272,61.4338044444444
802,29.0011.5004.00,290011500400(O),29,4,11.5,30,1334,13.3281561111111
803,29.0012.5004.00,290012500400(O),29,4,12.5,30,1450,14.4773194444444
804,29.0012.5005.00,290012500500(O),29,5,12.5,30,1812.5,18.0085416666667
805,29.0013.5005.50,290013500550(O),29,5.5,13.5,30,2153.25,21.3436794444444
806,29.0014.5009.00,290014500900(R),29,9,14.5,30,3784.5,37.2341794444444
807,29.0016.0014.50,290016001450(T),29,14.5,16,30,6728,65.8761261111111
808,29.0020.0011.00,290020001100(P),29,11,20,30,6380,62.5273166666667
809,29.0017.0012.00,290017001200(P),29,12,17,30,5916,57.9870522222222
810,29.0012.5011.00,290012501100(P),29,11,12.5,30,3987.5,39.195875
811,29.0011.5005.50,290011500550(O),29,5.5,11.5,30,1834.25,18.2046261111111
812,29.0013.0011.00,290013001100(P),29,11,13,30,4147,40.7513044444444
813,29.0019.5013.50,290019501350(S),29,13.5,19.5,30,7634.25,74.7041816666667
814,29.0014.5004.00,290014500400(O),29,4,14.5,30,1682,16.7756461111111
815,29.0019.5012.00,290019501200(P),29,12,19.5,30,6786,66.464805
816,29.0011.5004.50,290011500450(O),29,4.5,11.5,30,1500.75,14.9536461111111
817,29.0011.5006.00,290011500600(Q),29,6,11.5,30,2001,19.8301161111111
818,29.0012.0006.50,290012000650(Q),29,6.5,12,30,2262,22.3804905555556
819,29.0015.5012.50,290015501250(P),29,12.5,15.5,30,5618.75,55.086375
820,29.0011.5005.00,290011500500(O),29,5,11.5,30,1667.5,16.5791361111111
821,29.0013.5011.50,290013501150(P),29,11.5,13.5,30,4502.25,44.2124661111111
822,29.0018.5005.00,290018500500(P),29,5,18.5,30,2682.5,26.584975
823,29.0018.5009.50,290018500950(P),29,9.5,18.5,30,5096.75,50.042015
824,29.0013.5008.00,290013500800(R),29,8,13.5,30,3132,30.8723405555556
825,29.0020.0005.50,290020000550(P),29,5.5,20,30,3190,31.5456027777778
826,29.0015.0011.00,290015001100(P),29,11,15,30,4785,46.9730222222222
827,29.0018.0013.50,290018001350(S),29,13.5,18,30,7047,68.986985
828,29.0015.0011.50,290015001150(P),29,11.5,15,30,5002.5,49.0889361111111
829,29.0016.0013.50,290016001350(S),29,13.5,16,30,6264,61.3640561111111
830,29.0014.5010.50,290014501050(P),29,10.5,14.5,30,4415.25,43.3717394444444
831,29.0013.0010.00,290013001000(R),29,10,13,30,3770,37.0799611111111
832,29.0013.0010.50,290013001050(P),29,10.5,13,30,3958.5,38.9156327777778
833,29.0013.0004.50,290013000450(O),29,4.5,13,30,1696.5,16.8875727777778
834,29.0015.5013.50,290015501350(S),29,13.5,15.5,30,6068.25,59.4583238888889
835,29.0014.5007.00,290014500700(R),29,7,14.5,30,2943.5,29.0507661111111
836,29.0014.5005.50,290014500550(O),29,5.5,14.5,30,2312.75,22.9132061111111
837,29.0014.5004.50,290014500450(O),29,4.5,14.5,30,1892.25,18.8214994444444
838,29.0016.0014.00,290016001400(T),29,14,16,30,6496,63.6200911111111
839,29.0019.0013.50,290019001350(S),29,13.5,19,30,7438.5,72.7984494444444
840,29.0020.0012.50,290020001250(P),29,12.5,20,30,7250,70.976875
841,29.0016.5013.50,290016501350(S),29,13.5,16.5,30,6459.75,63.2697883333333
842,29.0019.5012.50,290019501250(P),29,12.5,19.5,30,7068.75,69.2112638888889
843,29.0018.0014.50,290018001450(T),29,14.5,18,30,7569,74.0595394444445
844,30.0010.0004.50,300010000450(Q),30,4.5,10,30,1350,13.4671666666667
845,30.0010.0009.00,300010000900(Q),30,9,10,30,2700,26.6426666666667
846,30.0011.5004.50,300011500450(Q),30,4.5,11.5,30,1552.5,15.4675541666667
847,30.0011.5006.00,300011500600(Q),30,6,11.5,30,2070,20.5116
848,30.0011.5007.00,300011500700(Q),30,7,11.5,30,2415,23.8742972222222
849,30.0011.5007.50,300011500750(Q),30,7.5,11.5,30,2587.5,25.5556458333333
850,30.0011.5009.50,300011500950(Q),30,9.5,11.5,30,3277.5,32.2810402777778
851,30.0012.0007.00,300012000700(Q),30,7,12,30,2520,24.9034333333333
852,30.0012.0007.50,300012000750(Q),30,7.5,12,30,2700,26.65725
853,30.0012.5005.00,300012500500(R),30,5,12.5,30,1875,18.6274305555556
854,30.0012.5005.50,300012500550(R),30,5.5,12.5,30,2062.5,20.4537152777778
855,30.0012.5008.00,300012500800(R),30,8,12.5,30,3000,29.5851388888889
856,30.0012.5010.00,300012501000(R),30,10,12.5,30,3750,36.8902777777778
857,30.0013.0004.00,300013000400(R),30,4,13,30,1560,15.5691888888889
858,30.0013.0005.50,300013000550(R),30,5.5,13,30,2145,21.2654472222222
859,30.0013.0010.00,300013001000(R),30,10,13,30,3900,38.3542222222222
860,30.0013.0011.00,300013001100(S),30,11,13,30,4290,42.1517277777778
861,30.0013.5008.50,300013500850(R),30,8.5,13.5,30,3442.5,33.9045041666667
862,30.0013.5010.50,300013501050(S),30,10.5,13.5,30,4252.5,41.7893875
863,30.0013.5013.50,300013501350(S),30,13.5,13.5,30,5467.5,53.6167125
864,30.0014.0011.50,300014001150(S),30,11.5,14,30,4830,47.4131777777778
865,30.0014.0012.50,300014001250(S),30,12.5,14,30,5250,51.5005555555556
866,30.0014.5011.50,300014501150(S),30,11.5,14.5,30,5002.5,49.0945263888889
867,30.0015.0012.00,300015001200(S),30,12,15,30,5400,52.9645
868,30.0016.0008.00,300016000800(S),30,8,16,30,3840,37.8036444444444
869,30.0016.0010.00,300016001000(S),30,10,16,30,4800,47.1378888888889
870,30.0016.0011.00,300016001100(S),30,11,16,30,5280,51.8050111111111
871,30.0016.0012.50,300016001250(S),30,12.5,16,30,6000,58.8056944444444
872,30.0016.0014.50,300016001450(T),30,14.5,16,30,6960,68.1399388888889
873,30.0016.5004.50,300016500450(S),30,4.5,16.5,30,2227.5,22.1355125
874,30.0017.0010.50,300017001050(S),30,10.5,17,30,5355,52.544275
875,30.0017.5014.00,300017501400(T),30,14,17.5,30,7350,71.9374444444445
876,30.0018.5006.50,300018500650(S),30,6.5,18.5,30,3607.5,35.5863013888889
877,30.0019.0010.50,300019001050(S),30,10.5,19,30,5985,58.689925
878,30.0019.0013.50,300019001350(S),30,13.5,19,30,7695,75.3001416666667
879,30.0019.0014.00,300019001400(T),30,14,19,30,7980,78.0685111111111
880,30.0019.0014.50,300019001450(T),30,14.5,19,30,8265,80.8368805555556
881,30.0019.5004.50,300019500450(S),30,4.5,19.5,30,2632.5,26.1362875
882,30.0019.5007.00,300019500700(S),30,7,19.5,30,4095,40.340475
883,30.0019.5011.00,300019501100(S),30,11,19.5,30,6435,63.067175
884,30.0019.5011.50,300019501150(S),30,11.5,19.5,30,6727.5,65.9080125
885,30.0020.0005.00,300020000500(T),30,5,20,30,3000,29.7163888888889
886,30.0020.0006.50,300020000650(T),30,6.5,20,30,3900,38.4563055555556
887,30.0020.0008.00,300020000800(T),30,8,20,30,4800,47.1962222222222
888,30.0020.0011.00,300020001100(T),30,11,20,30,6600,64.6760555555555
889,30.0020.0012.00,300020001200(T),30,12,20,30,7200,70.5026666666667
890,30.0020.0012.50,300020001250(T),30,12.5,20,30,7500,73.4159722222222
891,30.0020.0013.00,300020001300(T),30,13,20,30,7800,76.3292777777778
892,30.0020.0013.50,300020001350(T),30,13.5,20,30,8100,79.2425833333333
893,30.0007.5006.50,300007500650(Q),30,6.5,7.5,30,1462.5,14.5396041666667
894,30.0011.0008.00,300011000800(Q),30,8,11,30,2640,26.0629222222222
895,30.0008.5004.50,300008500450(Q),30,4.5,8.5,30,1147.5,11.4667791666667
896,30.0012.0008.00,300012000800(Q),30,8,12,30,2880,28.4110666666667
897,30.0012.0004.00,300012000400(Q),30,4,12,30,1440,14.3805333333333
898,30.0012.0012.00,300012001200(Q),30,12,12,30,4320,42.4416
899,30.0019.5006.00,300019500600(S),30,6,19.5,30,3510,34.6588
900,30.0011.5009.00,300011500900(Q),30,9,11.5,30,3105,30.5996916666667
901,30.0011.5005.00,300011500500(Q),30,5,11.5,30,1725,17.1489027777778
902,30.0019.0011.50,300019001150(S),30,11.5,19,30,6555,64.2266638888889
903,30.0012.0004.50,300012000450(Q),30,4.5,12,30,1620,16.13435
904,30.0011.5004.00,300011500400(Q),30,4,11.5,30,1380,13.7862055555556
905,30.0019.5014.00,300019501400(T),30,14,19.5,30,8190,80.1122
906,30.0011.0008.50,300011000850(Q),30,8.5,11,30,2805,27.6718027777778
907,30.0012.5007.50,300012500750(R),30,7.5,12.5,30,2812.5,27.7588541666667
908,30.0019.5006.50,300019500650(S),30,6.5,19.5,30,3802.5,37.4996375
909,30.0019.5010.50,300019501050(S),30,10.5,19.5,30,6142.5,60.2263375
910,30.0019.5013.00,300019501300(S),30,13,19.5,30,7605,74.430525
911,30.0011.0009.50,300011000950(Q),30,9.5,11,30,3135,30.8895638888889
912,30.0016.5011.00,300016501100(S),30,11,16.5,30,5445,53.4138916666667
913,30.0019.0012.50,300019001250(S),30,12.5,19,30,7125,69.7634027777778
914,30.0018.0014.50,300018001450(T),30,14.5,18,30,7830,76.6045666666667
915,30.0018.0013.00,300018001300(S),30,13,18,30,7020,68.7342666666667
916,30.0017.0011.50,300017001150(S),30,11.5,17,30,5865,57.5012694444444
917,30.0013.0011.50,300013001150(S),30,11.5,13,30,4485,44.0504805555556
918,30.0019.5012.50,300019501250(S),30,12.5,19.5,30,7312.5,71.5896875
919,30.0018.0011.00,300018001100(S),30,11,18,30,5940,58.2405333333333
920,30.0019.0013.00,300019001300(S),30,13,19,30,7410,72.5317722222222
921,30.0019.5013.50,300019501350(S),30,13.5,19.5,30,7897.5,77.2713625
922,30.0017.5012.00,300017501200(S),30,12,17.5,30,6300,61.7335833333333
923,30.0019.5012.00,300019501200(S),30,12,19.5,30,7020,68.74885
924,30.0017.0013.50,300017001350(S),30,13.5,17,30,6885,67.4152583333333
925,30.0018.0013.50,300018001350(S),30,13.5,18,30,7290,71.3577
926,30.0020.0014.00,300020001400(T),30,14,20,30,8400,82.1558888888889
927,30.0015.0010.00,300015001000(R),30,10,15,30,4500,44.21
928,19.5013.2510.50,195013251050(E),19.5,10.5,13.25,30,2712.9375,26.7111089583333
929,20.0010.5004.00,200010500401(G),20,4,10.5,30,840,8.41197777777778
930,20.7510.1004.00,207510100401(G),20.75,4,10.1,30,838.3,8.39655469444444
931,25.2507.0004.00,252507000401(O),25.25,4,7,30,707,7.10566694444444
932,23.2007.0004.00,232007000401(K),23.2,4,7,30,649.6,6.53098133333333
933,20.2507.0004.00,202507000401(G),20.25,4,7,30,567,5.70399472222222
934,17.0013.0004.00,170013000401(K),17,4,13,30,884,8.84444777777778
935,15.4111.96.0536,154111960536(F),15.41,5.36,11.96,30,987.867296,9.83497422714667
936,29.5814.3013.52,29.5814.3013.52(T),29.58,13.52,14.3,30,5718.87888,56.0608260032889
937,16.5111.5105.16,16.5111.5105.16(F),16.51,5.16,11.51,30,980.555316,9.76806617919111
938,18.2014.5603.69,18.2014.5603.69(F),18.2,3.69,14.56,30,977.82048,9.79156883351111