Packsize Number,"ID",Name,length,width,height,Volume,Cost,Max Weight
1,12.5011.2509.75,125011250975(B),12.50,11.25,9.75,5.1693,$13.57,30.00
2,14.0011.5011.50,140011501150(J),14.00,11.50,11.50,6.3090,$18.27,30.00
3,15.0014.5006.50,150014500650(F),15.00,14.50,6.50,5.6840,$14.01,30.00
4,18.2512.0005.00,182512000500(G),18.25,12.00,5.00,5.1424,$10.90,30.00
5,18.5010.2505.75,185010250575(G),18.50,10.25,5.75,4.9297,$10.85,30.00
6,19.2510.0006.50,192510000650(H),19.25,10.00,6.50,5.3142,$12.42,30.00
7,19.2514.2513.25,192514251325(F),19.25,14.25,13.25,9.9748,$35.70,30.00
8,19.5014.2505.00,195014250500(K),19.50,14.25,5.00,6.2031,$13.81,30.00
9,20.0019.2513.00,200019251300(S),20.00,19.25,13.00,12.4340,$49.07,30.00
10,21.0010.7503.75,210010750375(G),21.00,10.75,3.75,4.7891,$8.49,30.00
11,23.2514.5008.25,232514500825(R),23.25,14.50,8.25,9.0078,$27.41,30.00
12,23.5010.7510.00,235010751000(J),23.50,10.75,10.00,8.2656,$24.91,30.00
13,27.2515.2508.25,272515250825(N),27.25,15.25,8.25,10.6415,$33.76,30.00
14,28.0018.0014.25,280018001425(T),28.00,18.00,14.25,16.1042,$70.29,30.00
15,28.5018.7505.25,285018750525(P),28.50,18.75,5.25,10.8672,$27.78,30.00
16,29.2512.0010.75,292512001075(Q),29.25,12.00,10.75,11.0339,$37.11,30.00
17,30.0016.7511.50,300016751150(S),30.00,16.75,11.50,14.4462,$56.66,30.00
18,12.0009.5009.50,120009500950(B),12.00,9.50,9.50,4.4201,$10.74,30.00
19,12.0009.5004.00,120009500400(C),12.00,9.50,4.00,2.7778,$4.59,30.00
20,13.0009.5004.00,130009500400(C),13.00,9.50,4.00,2.9653,$4.96,30.00
21,13.0010.0004.00,130010000400(C),13.00,10.00,4.00,3.0833,$5.22,30.00
22,13.0010.0004.50,130010000450(C),13.00,10.00,4.50,3.2431,$5.86,30.00
23,13.0010.0005.00,130010000500(C),13.00,10.00,5.00,3.4028,$6.50,30.00
24,13.0010.0006.50,130010000650(C),13.00,10.00,6.50,3.8819,$8.41,30.00
25,13.0010.0007.50,130010000750(B),13.00,10.00,7.50,4.2014,$9.68,30.00
26,13.0010.0010.00,130010001000(B),13.00,10.00,10.00,5.0000,$12.87,30.00
27,13.0010.0006.00,130010000600(C),13.00,10.00,6.00,3.7222,$7.77,30.00
28,13.0010.0005.50,130010000550(C),13.00,10.00,5.50,3.5625,$7.13,30.00
29,13.0010.0008.50,130010000850(B),13.00,10.00,8.50,4.5208,$10.96,30.00
30,13.0010.0007.00,130010000700(B),13.00,10.00,7.00,4.0417,$9.05,30.00
31,14.0011.0008.00,140011000800(B),14.00,11.00,8.00,4.9167,$12.21,30.00
32,14.0011.0009.00,140011000900(B),14.00,11.00,9.00,5.2639,$13.72,30.00
33,14.0009.5007.50,140009500750(B),14.00,9.50,7.50,4.2951,$9.91,30.00
34,14.0010.0010.00,140010001000(B),14.00,10.00,10.00,5.2778,$13.85,30.00
35,14.0010.5005.00,140010500500(G),14.00,10.50,5.00,3.7431,$7.34,30.00
36,14.0011.0005.50,140011000550(G),14.00,11.00,5.50,4.0486,$8.44,30.00
37,14.0011.0006.00,140011000600(G),14.00,11.00,6.00,4.2222,$9.19,30.00
38,14.0010.5004.00,140010500400(G),14.00,10.50,4.00,3.4028,$5.90,30.00
39,14.0011.0007.00,140011000700(B),14.00,11.00,7.00,4.5694,$10.70,30.00
40,14.0010.5007.50,140010500750(B),14.00,10.50,7.50,4.5938,$10.94,30.00
41,14.0010.5010.50,140010501050(D),14.00,10.50,10.50,5.6146,$15.26,30.00
42,14.0010.5009.00,140010500900(B),14.00,10.50,9.00,5.1042,$13.10,30.00
43,14.0011.0004.00,140011000400(G),14.00,11.00,4.00,3.5278,$6.18,30.00
44,14.0010.5004.50,140010500450(G),14.00,10.50,4.50,3.5729,$6.62,30.00
45,14.0010.5009.50,140010500950(B),14.00,10.50,9.50,5.2743,$13.82,30.00
46,14.0008.0005.00,140008000500(C),14.00,8.00,5.00,3.0833,$5.61,30.00
47,14.0010.5006.50,140010500650(B),14.00,10.50,6.50,4.2535,$9.50,30.00
48,14.0010.5008.00,140010500800(B),14.00,10.50,8.00,4.7639,$11.66,30.00
49,14.0010.0006.00,140010000600(C),14.00,10.00,6.00,3.9444,$8.37,30.00
50,14.0011.0011.00,140011001100(D),14.00,11.00,11.00,5.9583,$16.73,30.00
51,14.0011.0007.50,140011000750(B),14.00,11.00,7.50,4.7431,$11.45,30.00
52,14.0010.5005.50,140010500550(G),14.00,10.50,5.50,3.9132,$8.06,30.00
53,14.0011.0004.50,140011000450(G),14.00,11.00,4.50,3.7014,$6.93,30.00
54,14.0010.5008.50,140010500850(B),14.00,10.50,8.50,4.9340,$12.38,30.00
55,14.0009.5009.50,140009500950(B),14.00,9.50,9.50,4.9479,$12.51,30.00
56,14.0010.5006.00,140010500600(G),14.00,10.50,6.00,4.0833,$8.78,30.00
57,14.0010.0006.50,140010000650(C),14.00,10.00,6.50,4.1111,$9.05,30.00
58,14.0011.0006.50,140011000650(B),14.00,11.00,6.50,4.3958,$9.95,30.00
59,14.0010.0005.00,140010000500(C),14.00,10.00,5.00,3.6111,$6.99,30.00
60,14.0010.5007.00,140010500700(B),14.00,10.50,7.00,4.4236,$10.22,30.00
61,15.0010.0010.00,150010001000(B),15.00,10.00,10.00,5.5556,$14.83,30.00
62,15.0011.0008.50,150011000850(B),15.00,11.00,8.50,5.3611,$13.88,30.00
63,15.0011.0009.00,150011000900(B),15.00,11.00,9.00,5.5417,$14.69,30.00
64,15.0011.0009.50,150011000950(B),15.00,11.00,9.50,5.7222,$15.50,30.00
65,15.0011.0011.00,150011001100(D),15.00,11.00,11.00,6.2639,$17.92,30.00
66,15.0011.5005.50,150011500550(G),15.00,11.50,5.50,4.4201,$9.45,30.00
67,15.0011.5006.00,150011500600(G),15.00,11.50,6.00,4.6042,$10.29,30.00
68,15.0011.5006.50,150011500650(B),15.00,11.50,6.50,4.7882,$11.13,30.00
69,15.0011.5007.00,150011500700(B),15.00,11.50,7.00,4.9722,$11.98,30.00
70,15.0011.5007.50,150011500750(B),15.00,11.50,7.50,5.1563,$12.82,30.00
71,15.0011.5008.00,150011500800(B),15.00,11.50,8.00,5.3403,$13.66,30.00
72,15.0011.5008.50,150011500850(B),15.00,11.50,8.50,5.5243,$14.51,30.00
73,15.0011.5009.00,150011500900(B),15.00,11.50,9.00,5.7083,$15.35,30.00
74,15.0011.5009.50,150011500950(B),15.00,11.50,9.50,5.8924,$16.19,30.00
75,15.0011.5010.00,150011501000(B),15.00,11.50,10.00,6.0764,$17.04,30.00
76,15.0011.5011.50,150011501150(J),15.00,11.50,11.50,6.6285,$19.57,30.00
77,15.0010.5010.50,150010501050(D),15.00,10.50,10.50,5.9063,$16.34,30.00
78,15.0011.0008.00,150011000800(B),15.00,11.00,8.00,5.1806,$13.07,30.00
79,15.0011.5004.00,150011500400(G),15.00,11.50,4.00,3.8681,$6.92,30.00
80,15.0011.5005.00,150011500500(G),15.00,11.50,5.00,4.2361,$8.60,30.00
81,15.0010.0008.00,150010000800(B),15.00,10.00,8.00,4.8611,$11.90,30.00
82,15.0012.0005.00,150012000500(G),15.00,12.00,5.00,4.3750,$8.97,30.00
83,15.0011.5004.50,150011500450(G),15.00,11.50,4.50,4.0521,$7.76,30.00
84,15.0012.0004.50,150012000450(G),15.00,12.00,4.50,4.1875,$8.09,30.00
85,15.0012.0012.00,150012001200(F),15.00,12.00,12.00,7.0000,$21.29,30.00
86,15.0007.5006.50,150007500650(C),15.00,7.50,6.50,3.5938,$7.29,30.00
87,15.0010.0004.50,150010000450(C),15.00,10.00,4.50,3.6458,$6.76,30.00
88,15.0012.0010.50,150012001050(D),15.00,12.00,10.50,6.4375,$18.65,30.00
89,15.0012.0006.00,150012000600(G),15.00,12.00,6.00,4.7500,$10.73,30.00
90,15.0011.0006.00,150011000600(G),15.00,11.00,6.00,4.4583,$9.85,30.00
91,15.0012.0006.50,150012000650(H),15.00,12.00,6.50,4.9375,$11.61,30.00
92,15.0012.0004.00,150012000400(G),15.00,12.00,4.00,4.0000,$7.21,30.00
93,15.0012.0007.50,150012000750(H),15.00,12.00,7.50,5.3125,$13.37,30.00
94,15.0012.0007.00,150012000700(H),15.00,12.00,7.00,5.1250,$12.49,30.00
95,15.0012.0009.50,150012000950(D),15.00,12.00,9.50,6.0625,$16.89,30.00
96,15.0012.0010.00,150012001000(D),15.00,12.00,10.00,6.2500,$17.77,30.00
97,15.0012.0005.50,150012000550(G),15.00,12.00,5.50,4.5625,$9.85,30.00
98,15.0008.0004.50,150008000450(C),15.00,8.00,4.50,3.1042,$5.42,30.00
99,15.0012.0009.00,150012000900(D),15.00,12.00,9.00,5.8750,$16.01,30.00
100,16.0012.5004.50,160012500450(K),16.00,12.50,4.50,4.5590,$8.99,30.00
101,16.0010.0004.50,160010000450(C),16.00,10.00,4.50,3.8472,$7.20,30.00
102,16.0011.5006.50,160011500650(B),16.00,11.50,6.50,5.0382,$11.87,30.00
103,16.0011.0009.00,160011000900(B),16.00,11.00,9.00,5.8194,$15.66,30.00
104,16.0012.5010.00,160012501000(D),16.00,12.50,10.00,6.7361,$19.73,30.00
105,16.0011.5004.50,160011500450(G),16.00,11.50,4.50,4.2743,$8.27,30.00
106,16.0012.5005.50,160012500550(K),16.00,12.50,5.50,4.9549,$10.94,30.00
107,16.0011.0006.00,160011000600(G),16.00,11.00,6.00,4.6944,$10.50,30.00
108,16.0011.5007.00,160011500700(B),16.00,11.50,7.00,5.2292,$12.77,30.00
109,16.0012.5009.50,160012500950(D),16.00,12.50,9.50,6.5382,$18.75,30.00
110,16.0012.0008.00,160012000800(H),16.00,12.00,8.00,5.7778,$15.20,30.00
111,16.0012.5006.50,160012500650(D),16.00,12.50,6.50,5.3507,$12.89,30.00
112,16.0012.5006.00,160012500600(D),16.00,12.50,6.00,5.1528,$11.92,30.00
113,16.0012.5010.50,160012501050(D),16.00,12.50,10.50,6.9340,$20.71,30.00
114,16.0012.5009.00,160012500900(D),16.00,12.50,9.00,6.3403,$17.78,30.00
115,16.0012.5012.50,160012501250(F),16.00,12.50,12.50,7.7257,$24.62,30.00
116,16.0012.0008.50,160012000850(D),16.00,12.00,8.50,5.9722,$16.13,30.00
117,16.0012.5007.00,160012500700(D),16.00,12.50,7.00,5.5486,$13.87,30.00
118,16.0010.5008.00,160010500800(B),16.00,10.50,8.00,5.2778,$13.31,30.00
119,16.0012.0005.00,160012000500(G),16.00,12.00,5.00,4.6111,$9.57,30.00
120,16.0012.5004.00,160012500400(K),16.00,12.50,4.00,4.3611,$8.01,30.00
121,16.0008.0005.00,160008000500(C),16.00,8.00,5.00,3.4444,$6.40,30.00
122,16.0011.0011.00,160011001100(D),16.00,11.00,11.00,6.5694,$19.10,30.00
123,16.0009.5009.50,160009500950(B),16.00,9.50,9.50,5.4757,$14.29,30.00
124,16.0011.5005.00,160011500500(G),16.00,11.50,5.00,4.4653,$9.17,30.00
125,16.0012.5007.50,160012500750(D),16.00,12.50,7.50,5.7465,$14.85,30.00
126,16.0011.5009.50,160011500950(B),16.00,11.50,9.50,6.1840,$17.27,30.00
127,16.0011.5004.00,160011500400(G),16.00,11.50,4.00,4.0833,$7.37,30.00
128,16.0011.5005.50,160011500550(G),16.00,11.50,5.50,4.6563,$10.07,30.00
129,16.0011.5007.50,160011500750(B),16.00,11.50,7.50,5.4201,$13.67,30.00
130,16.0012.5005.00,160012500500(K),16.00,12.50,5.00,4.7569,$9.96,30.00
131,16.0012.5008.50,160012500850(D),16.00,12.50,8.50,6.1424,$16.80,30.00
132,17.0010.0004.00,170010000400(C),17.00,10.00,4.00,3.8611,$6.82,30.00
133,17.0010.0004.50,170010000450(C),17.00,10.00,4.50,4.0486,$7.65,30.00
134,17.0011.5010.00,170011501000(B),17.00,11.50,10.00,6.6736,$19.29,30.00
135,17.0012.5004.00,170012500400(K),17.00,12.50,4.00,4.5903,$8.51,30.00
136,17.0012.5004.50,170012500450(K),17.00,12.50,4.50,4.7951,$9.54,30.00
137,17.0012.5010.00,170012501000(D),17.00,12.50,10.00,7.0486,$20.96,30.00
138,17.0013.5006.50,170013500650(L),17.00,13.50,6.50,5.9410,$14.78,30.00
139,17.0013.5008.50,170013500850(L),17.00,13.50,8.50,6.7882,$19.26,30.00
140,17.0013.5013.50,170013501350(F),17.00,13.50,13.50,8.9063,$30.46,30.00
141,17.0012.5005.00,170012500500(K),17.00,12.50,5.00,5.0000,$10.58,30.00
142,17.0012.5008.50,170012500850(D),17.00,12.50,8.50,6.4340,$17.84,30.00
143,17.0013.5006.00,170013500600(L),17.00,13.50,6.00,5.7292,$13.66,30.00
144,17.0012.5012.50,170012501250(F),17.00,12.50,12.50,8.0729,$26.14,30.00
145,17.0013.0004.50,170013000450(K),17.00,13.00,4.50,4.9444,$9.92,30.00
146,17.0013.5008.00,170013500800(L),17.00,13.50,8.00,6.5764,$18.14,30.00
147,17.0010.5009.00,170010500900(B),17.00,10.50,9.00,5.9167,$15.88,30.00
148,17.0012.5007.00,170012500700(D),17.00,12.50,7.00,5.8194,$14.73,30.00
149,17.0013.0011.00,170013001100(J),17.00,13.00,11.00,7.6528,$23.95,30.00
150,17.0011.0008.00,170011000800(B),17.00,11.00,8.00,5.7083,$14.81,30.00
151,17.0012.5006.00,170012500600(D),17.00,12.50,6.00,5.4097,$12.66,30.00
152,17.0011.0011.00,170011001100(D),17.00,11.00,11.00,6.8750,$20.29,30.00
153,17.0011.5004.50,170011500450(G),17.00,11.50,4.50,4.4965,$8.79,30.00
154,17.0010.0010.00,170010001000(B),17.00,10.00,10.00,6.1111,$16.80,30.00
155,17.0012.0012.00,170012001200(F),17.00,12.00,12.00,7.6667,$24.11,30.00
156,17.0012.5006.50,170012500650(D),17.00,12.50,6.50,5.6146,$13.69,30.00
157,17.0013.5009.00,170013500900(F),17.00,13.50,9.00,7.0000,$20.38,30.00
158,17.0011.5009.00,170011500900(B),17.00,11.50,9.00,6.2778,$17.38,30.00
159,17.0010.0007.50,170010000750(B),17.00,10.00,7.50,5.1736,$12.64,30.00
160,17.0013.0010.50,170013001050(E),17.00,13.00,10.50,7.4444,$22.87,30.00
161,17.0012.0004.50,170012000450(G),17.00,12.00,4.50,4.6458,$9.17,30.00
162,17.0013.0010.00,170013001000(E),17.00,13.00,10.00,7.2361,$21.79,30.00
163,17.0011.5005.50,170011500550(G),17.00,11.50,5.50,4.8924,$10.70,30.00
164,17.0012.5007.50,170012500750(D),17.00,12.50,7.50,6.0243,$15.77,30.00
165,18.0009.0009.00,180009000900(D),18.00,9.00,9.00,5.6250,$14.43,30.00
166,18.0010.0004.00,180010000400(C),18.00,10.00,4.00,4.0556,$7.22,30.00
167,18.0010.0005.00,180010000500(C),18.00,10.00,5.00,4.4444,$8.98,30.00
168,18.0010.0006.50,180010000650(C),18.00,10.00,6.50,5.0278,$11.62,30.00
169,18.0010.0007.50,180010000750(H),18.00,10.00,7.50,5.4167,$13.38,30.00
170,18.0010.5009.50,180010500950(D),18.00,10.50,9.50,6.3854,$17.74,30.00
171,18.0011.0004.00,180011000400(G),18.00,11.00,4.00,4.3611,$7.93,30.00
172,18.0011.0008.00,180011000800(H),18.00,11.00,8.00,5.9722,$15.67,30.00
173,18.0013.5011.50,180013501150(F),18.00,13.50,11.50,8.4063,$27.50,30.00
174,18.0011.5004.50,180011500450(G),18.00,11.50,4.50,4.7188,$9.30,30.00
175,18.0012.0005.50,180012000550(G),18.00,12.00,5.50,5.2917,$11.81,30.00
176,18.0011.5004.00,180011500400(G),18.00,11.50,4.00,4.5139,$8.29,30.00
177,18.0009.0004.50,180009000450(C),18.00,9.00,4.50,3.9375,$7.30,30.00
178,18.0014.0006.00,180014000600(L),18.00,14.00,6.00,6.1667,$14.99,30.00
179,18.0011.0004.50,180011000450(G),18.00,11.00,4.50,4.5625,$8.90,30.00
180,18.0014.0005.00,180014000500(K),18.00,14.00,5.00,5.7222,$12.53,30.00
181,18.0013.5007.00,180013500700(L),18.00,13.50,7.00,6.4375,$16.83,30.00
182,18.0012.5009.50,180012500950(D),18.00,12.50,9.50,7.1493,$21.08,30.00
183,18.0011.5011.50,180011501150(J),18.00,11.50,11.50,7.5868,$23.46,30.00
184,18.0012.5005.50,180012500550(K),18.00,12.50,5.50,5.4549,$12.30,30.00
185,18.0012.5009.00,180012500900(D),18.00,12.50,9.00,6.9375,$19.99,30.00
186,18.0013.0007.50,180013000750(E),18.00,13.00,7.50,6.4792,$17.35,30.00
187,18.0012.5012.50,180012501250(F),18.00,12.50,12.50,8.4201,$27.67,30.00
188,18.0011.5008.00,180011500800(H),18.00,11.50,8.00,6.1528,$16.38,30.00
189,18.0014.0011.50,180014001150(F),18.00,14.00,11.50,8.6111,$28.51,30.00
190,18.0011.5009.00,180011500900(D),18.00,11.50,9.00,6.5625,$18.40,30.00
191,18.0013.5013.50,180013501350(F),18.00,13.50,13.50,9.2813,$32.24,30.00
192,18.0014.0010.00,180014001000(F),18.00,14.00,10.00,7.9444,$24.82,30.00
193,18.0014.0009.00,180014000900(F),18.00,14.00,9.00,7.5000,$22.37,30.00
194,18.0012.0010.00,180012001000(D),18.00,12.00,10.00,7.1667,$21.30,30.00
195,18.0012.5010.00,180012501000(D),18.00,12.50,10.00,7.3611,$22.18,30.00
196,18.0011.5010.00,180011501000(D),18.00,11.50,10.00,6.9722,$20.42,30.00
197,18.0012.0008.50,180012000850(D),18.00,12.00,8.50,6.5417,$18.14,30.00
198,18.0012.5008.50,180012500850(D),18.00,12.50,8.50,6.7257,$18.89,30.00
199,18.0012.5011.00,180012501100(D),18.00,12.50,11.00,7.7847,$24.38,30.00
200,18.0011.0009.00,180011000900(D),18.00,11.00,9.00,6.3750,$17.61,30.00
202,19.0014.5008.50,190014500850(F),19.00,14.50,8.50,7.7813,$23.10,30.00
203,19.0014.5011.50,190014501150(F),19.00,14.50,11.50,9.1771,$31.15,30.00
204,19.0014.5012.00,190014501200(F),19.00,14.50,12.00,9.4097,$32.50,30.00
205,19.0014.5014.50,190014501450(T),19.00,14.50,14.50,10.5729,$39.21,30.00
206,19.0015.0004.00,190015000400(K),19.00,15.00,4.00,5.8472,$11.39,30.00
207,19.0015.0005.00,190015000500(K),19.00,15.00,5.00,6.3194,$14.17,30.00
208,19.0015.0007.50,190015000750(F),19.00,15.00,7.50,7.5000,$21.11,30.00
209,19.0011.5009.50,190011500950(E),19.00,11.50,9.50,7.0590,$20.48,30.00
210,19.0012.5006.50,190012500650(E),19.00,12.50,6.50,6.1424,$15.30,30.00
211,19.0015.0011.50,190015001150(F),19.00,15.00,11.50,9.3889,$32.22,30.00
212,19.0013.5011.00,190013501100(F),19.00,13.50,11.00,8.5278,$27.77,30.00
213,19.0011.5004.00,190011500400(G),19.00,11.50,4.00,4.7292,$8.75,30.00
214,19.0015.0004.50,190015000450(K),19.00,15.00,4.50,6.0833,$12.78,30.00
215,19.0012.5008.50,190012500850(E),19.00,12.50,8.50,7.0174,$19.93,30.00
216,19.0012.5004.00,190012500400(K),19.00,12.50,4.00,5.0486,$9.50,30.00
217,19.0012.5004.50,190012500450(K),19.00,12.50,4.50,5.2674,$10.66,30.00
218,19.0009.5005.00,190009500500(G),19.00,9.50,5.00,4.4861,$9.01,30.00
219,19.0012.5012.50,190012501250(F),19.00,12.50,12.50,8.7674,$29.20,30.00
220,19.0011.0009.00,190011000900(E),19.00,11.00,9.00,6.6528,$18.58,30.00
221,19.0012.5010.00,190012501000(E),19.00,12.50,10.00,7.6736,$23.41,30.00
222,19.0009.5007.50,190009500750(H),19.00,9.50,7.50,5.4757,$13.42,30.00
223,19.0014.0011.50,190014001150(F),19.00,14.00,11.50,8.9653,$30.09,30.00
224,19.0012.0008.00,190012000800(H),19.00,12.00,8.00,6.6111,$18.03,30.00
225,19.0010.0004.00,190010000400(G),19.00,10.00,4.00,4.2500,$7.62,30.00
226,19.0013.0010.00,190013001000(E),19.00,13.00,10.00,7.8750,$24.34,30.00
227,19.0014.5004.00,190014500400(K),19.00,14.50,4.00,5.6875,$11.01,30.00
228,19.0014.5004.50,190014500450(K),19.00,14.50,4.50,5.9201,$12.35,30.00
229,19.0011.5010.00,190011501000(E),19.00,11.50,10.00,7.2708,$21.55,30.00
230,19.0010.5008.00,190010500800(H),19.00,10.50,8.00,6.0486,$15.79,30.00
231,19.0013.0004.00,190013000400(K),19.00,13.00,4.00,5.2083,$9.88,30.00
232,19.0013.0011.00,190013001100(J),19.00,13.00,11.00,8.3194,$26.75,30.00
233,19.0010.0005.00,190010000500(G),19.00,10.00,5.00,4.6528,$9.47,30.00
234,19.0011.5008.50,190011500850(E),19.00,11.50,8.50,6.6354,$18.35,30.00
235,19.0011.0008.00,190011000800(H),19.00,11.00,8.00,6.2361,$16.54,30.00
236,19.0011.5004.50,190011500450(G),19.00,11.50,4.50,4.9410,$9.81,30.00
237,19.0011.5006.00,190011500600(G),19.00,11.50,6.00,5.5764,$13.02,30.00
238,19.0010.0005.50,190010000550(G),19.00,10.00,5.50,4.8542,$10.40,30.00
239,19.0013.0010.50,190013001050(E),19.00,13.00,10.50,8.0972,$25.54,30.00
240,19.0007.0004.00,190007000400(G),19.00,7.00,4.00,3.2917,$5.35,30.00
241,19.0012.0008.50,190012000850(E),19.00,12.00,8.50,6.8264,$19.14,30.00
242,19.0015.0010.50,190015001050(F),19.00,15.00,10.50,8.9167,$29.44,30.00
243,20.0009.5004.00,200009500400(G),20.00,9.50,4.00,4.2778,$7.62,30.00
244,20.0010.0005.00,200010000500(G),20.00,10.00,5.00,4.8611,$9.97,30.00
245,20.0010.0005.50,200010000550(G),20.00,10.00,5.50,5.0694,$10.95,30.00
246,20.0010.0006.00,200010000600(G),20.00,10.00,6.00,5.2778,$11.93,30.00
247,20.0010.0006.50,200010000650(H),20.00,10.00,6.50,5.4861,$12.90,30.00
248,20.0010.0008.00,200010000800(H),20.00,10.00,8.00,6.1111,$15.84,30.00
249,20.0010.5005.00,200010500500(G),20.00,10.50,5.00,5.0347,$10.46,30.00
250,20.0011.0008.00,200011000800(H),20.00,11.00,8.00,6.5000,$17.40,30.00
251,20.0011.5005.00,200011500500(G),20.00,11.50,5.00,5.3819,$11.45,30.00
252,20.0011.5005.50,200011500550(G),20.00,11.50,5.50,5.6007,$12.57,30.00
253,20.0011.5007.00,200011500700(H),20.00,11.50,7.00,6.2569,$15.94,30.00
254,20.0011.5007.50,200011500750(H),20.00,11.50,7.50,6.4757,$17.07,30.00
255,20.0011.5008.00,200011500800(H),20.00,11.50,8.00,6.6944,$18.19,30.00
256,20.0011.5011.50,200011501150(J),20.00,11.50,11.50,8.2257,$26.05,30.00
257,20.0012.0004.00,200012000400(G),20.00,12.00,4.00,5.1111,$9.60,30.00
258,20.0012.0004.50,200012000450(G),20.00,12.00,4.50,5.3333,$10.77,30.00
259,20.0012.0006.00,200012000600(G),20.00,12.00,6.00,6.0000,$14.29,30.00
260,20.0012.0008.00,200012000800(H),20.00,12.00,8.00,6.8889,$18.97,30.00
261,20.0012.0009.00,200012000900(J),20.00,12.00,9.00,7.3333,$21.31,30.00
262,20.0012.0010.00,200012001000(J),20.00,12.00,10.00,7.7778,$23.66,30.00
263,20.0012.0012.00,200012001200(F),20.00,12.00,12.00,8.6667,$28.34,30.00
264,20.0012.5005.00,200012500500(K),20.00,12.50,5.00,5.7292,$12.44,30.00
265,20.0012.5008.00,200012500800(L),20.00,12.50,8.00,7.0833,$19.76,30.00
266,20.0012.5009.00,200012500900(J),20.00,12.50,9.00,7.5347,$22.19,30.00
267,20.0012.5009.50,200012500950(J),20.00,12.50,9.50,7.7604,$23.41,30.00
268,20.0012.5012.50,200012501250(F),20.00,12.50,12.50,9.1146,$30.73,30.00
269,20.0013.0011.50,200013001150(J),20.00,13.00,11.50,8.8819,$29.42,30.00
270,20.0011.0008.50,200011000850(L),20.00,11.00,8.50,6.7153,$18.48,30.00
271,20.0011.5006.00,200011500600(G),20.00,11.50,6.00,5.8194,$13.70,30.00
272,20.0013.5012.00,200013501200(F),20.00,13.50,12.00,9.3333,$31.85,30.00
273,20.0009.5004.50,200009500450(G),20.00,9.50,4.50,4.4826,$8.55,30.00
274,20.0011.5009.00,200011500900(J),20.00,11.50,9.00,7.1319,$20.43,30.00
275,20.0010.0004.00,200010000400(G),20.00,10.00,4.00,4.4444,$8.02,30.00
276,20.0010.5005.50,200010500550(G),20.00,10.50,5.50,5.2465,$11.49,30.00
277,20.0011.5010.00,200011501000(J),20.00,11.50,10.00,7.5694,$22.68,30.00
278,20.0010.0004.50,200010000450(G),20.00,10.00,4.50,4.6528,$8.99,30.00
279,20.0015.5011.00,200015501100(F),20.00,15.50,11.00,9.7292,$33.52,30.00
280,20.0013.5011.50,200013501150(F),20.00,13.50,11.50,9.1007,$30.54,30.00
281,20.0009.5005.50,200009500550(G),20.00,9.50,5.50,4.8924,$10.41,30.00
282,20.0013.5011.00,200013501100(F),20.00,13.50,11.00,8.8681,$29.22,30.00
283,20.0011.5006.50,200011500650(H),20.00,11.50,6.50,6.0382,$14.82,30.00
284,20.0016.0010.00,200016001000(F),20.00,16.00,10.00,9.4444,$31.48,30.00
285,20.0015.5013.00,200015501300(F),20.00,15.50,13.00,10.7153,$39.56,30.00
286,20.0011.5004.50,200011500450(G),20.00,11.50,4.50,5.1632,$10.33,30.00
287,20.0015.0011.50,200015001150(F),20.00,15.00,11.50,9.7569,$33.91,30.00
288,20.0011.5004.00,200011500400(G),20.00,11.50,4.00,4.9444,$9.21,30.00
289,20.0008.5004.50,200008500450(G),20.00,8.50,4.50,4.1424,$7.66,30.00
290,20.0016.0011.50,200016001150(F),20.00,16.00,11.50,10.1944,$36.15,30.00
291,20.0015.5006.50,200015500650(F),20.00,15.50,6.50,7.5104,$19.93,30.00
292,20.0015.5008.00,200015500800(F),20.00,15.50,8.00,8.2500,$24.46,30.00
293,20.0008.0004.00,200008000400(G),20.00,8.00,4.00,3.7778,$6.43,30.00
294,20.0010.0007.50,200010000750(H),20.00,10.00,7.50,5.9028,$14.86,30.00
295,20.0013.0011.00,200013001100(J),20.00,13.00,11.00,8.6528,$28.15,30.00
296,20.0013.0005.00,200013000500(K),20.00,13.00,5.00,5.9028,$12.93,30.00
297,20.0011.0004.50,200011000450(G),20.00,11.00,4.50,4.9931,$9.88,30.00
298,20.0013.5010.00,200013501000(F),20.00,13.50,10.00,8.4028,$26.59,30.00
299,20.0007.0005.00,200007000500(G),20.00,7.00,5.00,3.8194,$7.01,30.00
300,20.0013.0006.00,200013000600(L),20.00,13.00,6.00,6.3611,$15.47,30.00
301,20.0013.0004.00,200013000400(K),20.00,13.00,4.00,5.4444,$10.40,30.00
302,20.0010.5004.00,200010500400(G),20.00,10.50,4.00,4.6111,$8.41,30.00
303,20.0011.0006.00,200011000600(G),20.00,11.00,6.00,5.6389,$13.11,30.00
304,20.0008.5005.00,200008500500(G),20.00,8.50,5.00,4.3403,$8.49,30.00
305,20.0014.0007.50,200014000750(L),20.00,14.00,7.50,7.4306,$20.74,30.00
306,20.0013.0010.00,200013001000(J),20.00,13.00,10.00,8.1944,$25.61,30.00
307,20.0012.5010.00,200012501000(J),20.00,12.50,10.00,7.9861,$24.63,30.00
308,20.0015.5013.50,200015501350(F),20.00,15.50,13.50,10.9618,$41.07,30.00
309,20.0014.5009.50,200014500950(F),20.00,14.50,9.50,8.5799,$27.13,30.00
310,20.0008.0005.00,200008000500(G),20.00,8.00,5.00,4.1667,$8.00,30.00
311,20.0015.5011.50,200015501150(F),20.00,15.50,11.50,9.9757,$35.03,30.00
312,20.0016.0013.50,200016001350(F),20.00,16.00,13.50,11.1944,$42.39,30.00
313,20.0008.0004.50,200008000450(G),20.00,8.00,4.50,3.9722,$7.21,30.00
314,20.0013.0004.50,200013000450(K),20.00,13.00,4.50,5.6736,$11.66,30.00
315,20.0013.5004.00,200013500400(K),20.00,13.50,4.00,5.6111,$10.79,30.00
316,20.0011.0005.50,200011000550(G),20.00,11.00,5.50,5.4236,$12.03,30.00
317,20.0014.0011.50,200014001150(F),20.00,14.00,11.50,9.3194,$31.66,30.00
318,20.0016.0008.00,200016000800(F),20.00,16.00,8.00,8.4444,$25.24,30.00
319,20.0016.0011.00,200016001100(F),20.00,16.00,11.00,9.9444,$34.59,30.00
320,20.0011.5009.50,200011500950(J),20.00,11.50,9.50,7.3507,$21.56,30.00
321,20.0012.0009.50,200012000950(J),20.00,12.00,9.50,7.5556,$22.49,30.00
323,20.0014.5010.50,200014501050(F),20.00,14.50,10.50,9.0590,$29.96,30.00
324,20.0014.5006.00,200014500600(F),20.00,14.50,6.00,6.9028,$17.24,30.00
325,21.0011.0005.50,210011000550(G),21.00,11.00,5.50,5.6528,$12.63,30.00
326,21.0013.0008.00,210013000800(L),21.00,13.00,8.00,7.5694,$21.56,30.00
327,21.0008.5005.50,210008500550(G),21.00,8.50,5.50,4.7326,$9.79,30.00
328,21.0011.5008.00,210011500800(H),21.00,11.50,8.00,6.9653,$19.09,30.00
329,21.0013.5009.50,210013500950(R),21.00,13.50,9.50,8.4896,$26.53,30.00
330,21.0010.0004.00,210010000400(G),21.00,10.00,4.00,4.6389,$8.41,30.00
331,21.0016.0013.50,210016001350(S),21.00,16.00,13.50,11.6042,$44.49,30.00
332,21.0011.5005.50,210011500550(G),21.00,11.50,5.50,5.8368,$13.20,30.00
333,21.0011.5004.00,210011500400(G),21.00,11.50,4.00,5.1597,$9.66,30.00
334,21.0010.0004.50,210010000450(G),21.00,10.00,4.50,4.8542,$9.44,30.00
335,21.0016.0011.50,210016001150(I),21.00,16.00,11.50,10.5764,$37.95,30.00
336,21.0011.5010.00,210011501000(J),21.00,11.50,10.00,7.8681,$23.81,30.00
337,21.0011.5009.00,210011500900(J),21.00,11.50,9.00,7.4167,$21.45,30.00
338,21.0010.0006.00,210010000600(G),21.00,10.00,6.00,5.5000,$12.52,30.00
339,21.0008.0005.50,210008000550(G),21.00,8.00,5.50,4.5486,$9.22,30.00
340,21.0011.0004.50,210011000450(G),21.00,11.00,4.50,5.2083,$10.37,30.00
341,21.0016.5011.00,210016501100(I),21.00,16.50,11.00,10.5417,$37.44,30.00
342,21.0014.0011.50,210014001150(I),21.00,14.00,11.50,9.6736,$33.24,30.00
343,21.0014.5010.50,210014501050(I),21.00,14.50,10.50,9.4063,$31.45,30.00
344,21.0011.5004.50,210011500450(G),21.00,11.50,4.50,5.3854,$10.84,30.00
345,21.0010.5004.50,210010500450(G),21.00,10.50,4.50,5.0313,$9.91,30.00
346,21.0008.5004.00,210008500400(G),21.00,8.50,4.00,4.1181,$7.16,30.00
347,21.0010.0005.00,210010000500(G),21.00,10.00,5.00,5.0694,$10.47,30.00
348,21.0010.0006.50,210010000650(H),21.00,10.00,6.50,5.7153,$13.55,30.00
349,21.0010.0005.50,210010000550(G),21.00,10.00,5.50,5.2847,$11.49,30.00
350,21.0010.5009.50,210010500950(J),21.00,10.50,9.50,7.2188,$20.68,30.00
351,21.0012.5009.00,210012500900(J),21.00,12.50,9.00,7.8333,$23.30,30.00
352,21.0010.0007.00,210010000700(H),21.00,10.00,7.00,5.9306,$14.57,30.00
353,21.0011.5005.00,210011500500(G),21.00,11.50,5.00,5.6111,$12.02,30.00
354,21.0011.5006.50,210011500650(H),21.00,11.50,6.50,6.2882,$15.56,30.00
355,21.0010.5005.50,210010500550(G),21.00,10.50,5.50,5.4688,$12.06,30.00
356,21.0010.5004.00,210010500400(G),21.00,10.50,4.00,4.8125,$8.83,30.00
357,21.0013.0009.50,210013000950(J),21.00,13.00,9.50,8.2778,$25.55,30.00
358,21.0016.5004.50,210016500450(I),21.00,16.50,4.50,7.1563,$15.52,30.00
359,21.0016.0010.00,210016001000(I),21.00,16.00,10.00,9.8056,$33.04,30.00
360,21.0010.5008.00,210010500800(H),21.00,10.50,8.00,6.5625,$17.45,30.00
361,21.0010.0010.00,210010001000(J),21.00,10.00,10.00,7.2222,$20.73,30.00
362,21.0010.5006.00,210010500600(G),21.00,10.50,6.00,5.6875,$13.14,30.00
363,21.0014.5011.50,210014501150(I),21.00,14.50,11.50,9.8993,$34.41,30.00
364,21.0010.0008.50,210010000850(L),21.00,10.00,8.50,6.5764,$17.65,30.00
365,21.0012.0012.00,210012001200(Q),21.00,12.00,12.00,9.0000,$29.75,30.00
366,21.0016.5011.50,210016501150(I),21.00,16.50,11.50,10.8021,$39.13,30.00
367,21.0011.0009.00,210011000900(J),21.00,11.00,9.00,7.2083,$20.53,30.00
368,21.0015.5013.00,210015501300(S),21.00,15.50,13.00,11.1111,$41.53,30.00
369,21.0011.5006.00,210011500600(G),21.00,11.50,6.00,6.0625,$14.38,30.00
370,21.0012.5006.00,210012500600(L),21.00,12.50,6.00,6.4375,$15.62,30.00
371,21.0013.5010.50,210013501050(I),21.00,13.50,10.50,8.9688,$29.29,30.00
372,21.0011.5011.50,210011501150(J),21.00,11.50,11.50,8.5451,$27.34,30.00
373,21.0014.0012.00,210014001200(I),21.00,14.00,12.00,9.9167,$34.67,30.00
374,21.0011.5007.50,210011500750(H),21.00,11.50,7.50,6.7396,$17.91,30.00
375,21.0011.5007.00,210011500700(H),21.00,11.50,7.00,6.5139,$16.74,30.00
376,21.0012.0005.00,210012000500(G),21.00,12.00,5.00,5.7917,$12.54,30.00
377,21.0011.0006.00,210011000600(G),21.00,11.00,6.00,5.8750,$13.76,30.00
378,21.0010.5006.50,210010500650(H),21.00,10.50,6.50,5.9063,$14.22,30.00
379,22.0010.0004.00,220010000400(G),22.00,10.00,4.00,4.8333,$8.81,30.00
380,22.0010.0004.50,220010000450(G),22.00,10.00,4.50,5.0556,$9.89,30.00
381,22.0011.0006.00,220011000600(G),22.00,11.00,6.00,6.1111,$14.41,30.00
382,22.0011.5004.00,220011500400(G),22.00,11.50,4.00,5.3750,$10.12,30.00
383,22.0011.5006.50,220011500650(H),22.00,11.50,6.50,6.5382,$16.29,30.00
384,22.0011.5010.00,220011501000(J),22.00,11.50,10.00,8.1667,$24.94,30.00
385,22.0011.5011.50,220011501150(J),22.00,11.50,11.50,8.8646,$28.64,30.00
386,22.0012.0004.00,220012000400(G),22.00,12.00,4.00,5.5556,$10.56,30.00
387,22.0013.0007.50,220013000750(L),22.00,13.00,7.50,7.6181,$21.19,30.00
388,22.0013.0008.00,220013000800(L),22.00,13.00,8.00,7.8611,$22.58,30.00
389,22.0013.0009.00,220013000900(J),22.00,13.00,9.00,8.3472,$25.37,30.00
390,22.0013.0010.00,220013001000(J),22.00,13.00,10.00,8.8333,$28.16,30.00
391,22.0013.5006.00,220013500600(L),22.00,13.50,6.00,7.0833,$17.66,30.00
392,22.0013.5008.00,220013500800(L),22.00,13.50,8.00,8.0694,$23.45,30.00
393,22.0014.0011.50,220014001150(I),22.00,14.00,11.50,10.0278,$34.81,30.00
394,22.0014.5011.50,220014501150(I),22.00,14.50,11.50,10.2604,$36.05,30.00
395,22.0015.0011.50,220015001150(I),22.00,15.00,11.50,10.4931,$37.28,30.00
396,22.0015.0012.00,220015001200(I),22.00,15.00,12.00,10.7500,$38.89,30.00
397,22.0015.5011.50,220015501150(I),22.00,15.50,11.50,10.7257,$38.51,30.00
398,22.0016.0010.00,220016001000(I),22.00,16.00,10.00,10.1667,$34.61,30.00
399,22.0017.0010.50,220017001050(N),22.00,17.00,10.50,10.8819,$38.58,30.00
400,22.0017.0012.50,220017001250(P),22.00,17.00,12.50,11.9653,$45.86,30.00
401,22.0017.5009.00,220017500900(N),22.00,17.50,9.00,10.2847,$34.09,30.00
402,22.0017.5011.00,220017501100(N),22.00,17.50,11.00,11.3819,$41.58,30.00
403,22.0017.5011.50,220017501150(N),22.00,17.50,11.50,11.6563,$43.45,30.00
404,22.0017.5013.00,220017501300(S),22.00,17.50,13.00,12.4792,$49.07,30.00
405,22.0012.0005.00,220012000500(G),22.00,12.00,5.00,6.0278,$13.13,30.00
406,22.0014.5012.00,220014501200(I),22.00,14.50,12.00,10.5139,$37.60,30.00
407,22.0010.5005.00,220010500500(G),22.00,10.50,5.00,5.4653,$11.51,30.00
408,22.0012.0004.50,220012000450(G),22.00,12.00,4.50,5.7917,$11.85,30.00
409,22.0011.5005.00,220011500500(G),22.00,11.50,5.00,5.8403,$12.59,30.00
410,22.0012.0007.50,220012000750(H),22.00,12.00,7.50,7.2083,$19.57,30.00
411,22.0012.0010.00,220012001000(J),22.00,12.00,10.00,8.3889,$26.01,30.00
412,22.0008.0008.00,220008000800(H),22.00,8.00,8.00,5.7778,$13.96,30.00
413,22.0012.0008.00,220012000800(H),22.00,12.00,8.00,7.4444,$20.86,30.00
414,22.0011.5006.00,220011500600(G),22.00,11.50,6.00,6.3056,$15.06,30.00
415,22.0010.5006.00,220010500600(G),22.00,10.50,6.00,5.9167,$13.76,30.00
416,22.0013.5012.00,220013501200(I),22.00,13.50,12.00,10.0417,$35.02,30.00
417,22.0012.0006.00,220012000600(G),22.00,12.00,6.00,6.5000,$15.71,30.00
418,22.0011.5005.50,220011500550(G),22.00,11.50,5.50,6.0729,$13.83,30.00
419,22.0013.5011.00,220013501100(I),22.00,13.50,11.00,9.5486,$32.13,30.00
420,22.0016.0008.00,220016000800(I),22.00,16.00,8.00,9.1111,$27.76,30.00
421,22.0013.0005.00,220013000500(K),22.00,13.00,5.00,6.4028,$14.22,30.00
422,22.0013.0011.50,220013001150(J),22.00,13.00,11.50,9.5625,$32.34,30.00
423,22.0011.5009.00,220011500900(J),22.00,11.50,9.00,7.7014,$22.47,30.00
424,22.0012.0005.50,220012000550(G),22.00,12.00,5.50,6.2639,$14.42,30.00
425,22.0012.0009.00,220012000900(J),22.00,12.00,9.00,7.9167,$23.44,30.00
426,22.0010.0005.00,220010000500(G),22.00,10.00,5.00,5.2778,$10.96,30.00
427,22.0012.0007.00,220012000700(H),22.00,12.00,7.00,6.9722,$18.28,30.00
428,22.0012.0012.00,220012001200(Q),22.00,12.00,12.00,9.3333,$31.16,30.00
429,22.0010.5004.00,220010500400(G),22.00,10.50,4.00,5.0139,$9.25,30.00
430,22.0012.5006.50,220012500650(L),22.00,12.50,6.50,6.9340,$17.70,30.00
431,22.0011.5009.50,220011500950(J),22.00,11.50,9.50,7.9340,$23.70,30.00
432,22.0011.0004.00,220011000400(G),22.00,11.00,4.00,5.1944,$9.69,30.00
433,22.0011.5004.50,220011500450(G),22.00,11.50,4.50,5.6076,$11.36,30.00
434,22.0012.5006.00,220012500600(L),22.00,12.50,6.00,6.6944,$16.36,30.00
435,22.0011.0008.00,220011000800(H),22.00,11.00,8.00,7.0278,$19.14,30.00
436,22.0011.5007.00,220011500700(H),22.00,11.50,7.00,6.7708,$17.53,30.00
437,22.0014.5004.00,220014500400(K),22.00,14.50,4.00,6.4583,$12.74,30.00
438,22.0011.0004.50,220011000450(G),22.00,11.00,4.50,5.4236,$10.87,30.00
439,22.0011.0008.50,220011000850(L),22.00,11.00,8.50,7.2569,$20.32,30.00
440,22.0012.0006.50,220012000650(H),22.00,12.00,6.50,6.7361,$17.00,30.00
441,22.0011.0007.50,220011000750(H),22.00,11.00,7.50,6.7986,$17.95,30.00
442,22.0014.0012.00,220014001200(I),22.00,14.00,12.00,10.2778,$36.31,30.00
443,22.0017.5012.50,220017501250(P),22.00,17.50,12.50,12.2049,$47.20,30.00
444,23.0007.0004.00,230007000400(G),23.00,7.00,4.00,3.9028,$6.47,30.00
445,23.0008.0004.00,230008000400(G),23.00,8.00,4.00,4.2778,$7.39,30.00
446,23.0010.0004.00,230010000400(G),23.00,10.00,4.00,5.0278,$9.21,30.00
447,23.0010.0004.50,230010000450(G),23.00,10.00,4.50,5.2569,$10.34,30.00
448,23.0010.0005.00,230010000500(G),23.00,10.00,5.00,5.4861,$11.46,30.00
449,23.0010.0005.50,230010000550(G),23.00,10.00,5.50,5.7153,$12.58,30.00
450,23.0010.0006.00,230010000600(G),23.00,10.00,6.00,5.9444,$13.71,30.00
451,23.0010.0006.50,230010000650(H),23.00,10.00,6.50,6.1736,$14.83,30.00
452,23.0010.0007.00,230010000700(H),23.00,10.00,7.00,6.4028,$15.95,30.00
453,23.0010.5004.00,230010500400(G),23.00,10.50,4.00,5.2153,$9.67,30.00
454,23.0010.5004.50,230010500450(G),23.00,10.50,4.50,5.4479,$10.85,30.00
455,23.0010.5005.00,230010500500(G),23.00,10.50,5.00,5.6806,$12.03,30.00
456,23.0010.5006.50,230010500650(H),23.00,10.50,6.50,6.3785,$15.56,30.00
457,23.0010.5008.00,230010500800(H),23.00,10.50,8.00,7.0764,$19.10,30.00
458,23.0010.5009.00,230010500900(J),23.00,10.50,9.00,7.5417,$21.46,30.00
459,23.0011.0004.00,230011000400(G),23.00,11.00,4.00,5.4028,$10.12,30.00
460,23.0011.0005.00,230011000500(G),23.00,11.00,5.00,5.8750,$12.59,30.00
461,23.0011.0005.50,230011000550(G),23.00,11.00,5.50,6.1111,$13.83,30.00
462,23.0011.0007.00,230011000700(H),23.00,11.00,7.00,6.8194,$17.53,30.00
463,23.0011.0008.00,230011000800(H),23.00,11.00,8.00,7.2917,$20.00,30.00
464,23.0011.5004.00,230011500400(G),23.00,11.50,4.00,5.5903,$10.58,30.00
465,23.0011.5004.50,230011500450(G),23.00,11.50,4.50,5.8299,$11.87,30.00
466,23.0011.5005.00,230011500500(G),23.00,11.50,5.00,6.0694,$13.16,30.00
467,23.0011.5005.50,230011500550(G),23.00,11.50,5.50,6.3090,$14.45,30.00
468,23.0011.5006.00,230011500600(G),23.00,11.50,6.00,6.5486,$15.74,30.00
469,23.0012.0006.00,230012000600(G),23.00,12.00,6.00,6.7500,$16.42,30.00
470,23.0014.0005.00,230014000500(K),23.00,14.00,5.00,7.0417,$16.00,30.00
471,23.0014.0004.50,230014000450(K),23.00,14.00,4.50,6.7847,$14.43,30.00
472,23.0011.5008.50,230011500850(L),23.00,11.50,8.50,7.7465,$22.19,30.00
473,23.0013.0004.50,230013000450(K),23.00,13.00,4.50,6.4028,$13.41,30.00
474,23.0012.0004.50,230012000450(G),23.00,12.00,4.50,6.0208,$12.38,30.00
475,23.0011.5008.00,230011500800(H),23.00,11.50,8.00,7.5069,$20.90,30.00
476,23.0013.5011.00,230013501100(I),23.00,13.50,11.00,9.8889,$33.58,30.00
477,23.0012.0004.00,230012000400(G),23.00,12.00,4.00,5.7778,$11.04,30.00
478,23.0012.5009.50,230012500950(J),23.00,12.50,9.50,8.6771,$26.91,30.00
479,23.0013.5012.00,230013501200(I),23.00,13.50,12.00,10.3958,$36.61,30.00
480,23.0014.5004.00,230014500400(K),23.00,14.50,4.00,6.7153,$13.32,30.00
481,23.0012.0005.50,230012000550(G),23.00,12.00,5.50,6.5069,$15.07,30.00
482,23.0015.5010.00,230015501000(I),23.00,15.50,10.00,10.2986,$35.05,30.00
483,23.0012.0005.00,230012000500(G),23.00,12.00,5.00,6.2639,$13.73,30.00
484,23.0014.5004.50,230014500450(K),23.00,14.50,4.50,6.9757,$14.94,30.00
485,23.0015.0009.00,230015000900(R),23.00,15.00,9.00,9.5417,$30.57,30.00
486,23.0012.5005.50,230012500550(K),23.00,12.50,5.50,6.7049,$15.70,30.00
487,23.0012.0007.00,230012000700(H),23.00,12.00,7.00,7.2361,$19.11,30.00
488,23.0012.0010.50,230012001050(J),23.00,12.00,10.50,8.9375,$28.53,30.00
489,23.0016.0011.00,230016001100(I),23.00,16.00,11.00,11.0694,$39.76,30.00
490,23.0012.5009.00,230012500900(J),23.00,12.50,9.00,8.4306,$25.51,30.00
491,23.0011.5009.00,230011500900(J),23.00,11.50,9.00,7.9861,$23.48,30.00
492,23.0012.5004.00,230012500400(K),23.00,12.50,4.00,5.9653,$11.49,30.00
493,23.0012.5005.00,230012500500(K),23.00,12.50,5.00,6.4583,$14.30,30.00
494,23.0016.5012.00,230016501200(I),23.00,16.50,12.00,11.8542,$44.68,30.00
495,23.0012.0007.50,230012000750(H),23.00,12.00,7.50,7.4792,$20.46,30.00
496,23.0007.5006.50,230007500650(H),23.00,7.50,6.50,5.1493,$11.16,30.00
497,23.0013.0009.50,230013000950(J),23.00,13.00,9.50,8.9028,$27.98,30.00
498,23.0017.0013.00,230017001300(S),23.00,17.00,13.00,12.6528,$49.83,30.00
499,23.0013.0005.50,230013000550(K),23.00,13.00,5.50,6.9028,$16.32,30.00
500,23.0018.0011.00,230018001100(N),23.00,18.00,11.00,12.0139,$44.70,30.00
501,23.0011.5007.00,230011500700(H),23.00,11.50,7.00,7.0278,$18.32,30.00
502,23.0016.5011.00,230016501100(I),23.00,16.50,11.00,11.3056,$40.99,30.00
503,23.0016.0014.00,230016001400(T),23.00,16.00,14.00,12.6944,$50.50,30.00
504,23.0012.0008.50,230012000850(L),23.00,12.00,8.50,7.9653,$23.15,30.00
505,23.0012.0006.50,230012000650(H),23.00,12.00,6.50,6.9931,$17.77,30.00
506,23.0014.0005.50,230014000550(K),23.00,14.00,5.50,7.2986,$17.57,30.00
507,23.0011.5006.50,230011500650(H),23.00,11.50,6.50,6.7882,$17.03,30.00
508,23.0014.0004.00,230014000400(K),23.00,14.00,4.00,6.5278,$12.86,30.00
509,23.0014.0006.50,230014000650(L),23.00,14.00,6.50,7.8125,$20.70,30.00
510,23.0013.5009.50,230013500950(R),23.00,13.50,9.50,9.1285,$29.05,30.00
511,23.0012.0010.00,230012001000(J),23.00,12.00,10.00,8.6944,$27.19,30.00
512,23.0014.0012.00,230014001200(I),23.00,14.00,12.00,10.6389,$37.96,30.00
513,23.0012.0008.00,230012000800(H),23.00,12.00,8.00,7.7222,$21.80,30.00
514,23.0017.5010.50,230017501050(N),23.00,17.50,10.50,11.4965,$41.50,30.00
515,23.0009.5004.00,230009500400(G),23.00,9.50,4.00,4.8403,$8.76,30.00
516,23.0014.5007.00,230014500700(R),23.00,14.50,7.00,8.2778,$23.06,30.00
517,23.0011.5010.00,230011501000(J),23.00,11.50,10.00,8.4653,$26.06,30.00
518,23.0009.0009.00,230009000900(J),23.00,9.00,9.00,6.8750,$18.42,30.00
519,24.0013.5004.50,240013500450(K),24.00,13.50,4.50,6.8438,$14.52,30.00
520,24.0013.5005.00,240013500500(K),24.00,13.50,5.00,7.1042,$16.10,30.00
521,24.0013.5006.00,240013500600(L),24.00,13.50,6.00,7.6250,$19.25,30.00
522,24.0014.0010.50,240014001050(M),24.00,14.00,10.50,10.2083,$34.69,30.00
523,24.0015.0008.00,240015000800(R),24.00,15.00,8.00,9.3333,$28.39,30.00
524,24.0015.0009.00,240015000900(R),24.00,15.00,9.00,9.8750,$31.89,30.00
525,24.0016.0011.50,240016001150(N),24.00,16.00,11.50,11.7222,$43.35,30.00
526,24.0011.0005.50,240011000550(K),24.00,11.00,5.50,6.3403,$14.43,30.00
527,24.0012.5008.00,240012500800(L),24.00,12.50,8.00,8.2222,$23.69,30.00
528,24.0019.0010.50,240019001050(N),24.00,19.00,10.50,12.6042,$46.99,30.00
529,24.0011.5005.50,240011500550(K),24.00,11.50,5.50,6.5451,$15.08,30.00
530,24.0009.0004.50,240009000450(K),24.00,9.00,4.50,5.0625,$9.71,30.00
531,24.0013.0005.00,240013000500(K),24.00,13.00,5.00,6.9028,$15.51,30.00
532,24.0014.5008.00,240014500800(R),24.00,14.50,8.00,9.1111,$27.45,30.00
533,24.0008.5004.00,240008500400(K),24.00,8.50,4.00,4.6389,$8.18,30.00
534,24.0011.5004.50,240011500450(K),24.00,11.50,4.50,6.0521,$12.38,30.00
535,24.0011.0006.00,240011000600(L),24.00,11.00,6.00,6.5833,$15.71,30.00
536,24.0012.5008.50,240012500850(L),24.00,12.50,8.50,8.4757,$25.15,30.00
537,24.0011.5008.00,240011500800(L),24.00,11.50,8.00,7.7778,$21.81,30.00
538,24.0012.0004.00,240012000400(K),24.00,12.00,4.00,6.0000,$11.51,30.00
539,24.0012.0005.50,240012000550(K),24.00,12.00,5.50,6.7500,$15.73,30.00
540,24.0013.0006.00,240013000600(L),24.00,13.00,6.00,7.4167,$18.55,30.00
541,24.0012.0004.50,240012000450(K),24.00,12.00,4.50,6.2500,$12.92,30.00
542,24.0010.0007.00,240010000700(L),24.00,10.00,7.00,6.6389,$16.64,30.00
543,24.0011.5005.00,240011500500(K),24.00,11.50,5.00,6.2986,$13.73,30.00
544,24.0015.0004.00,240015000400(K),24.00,15.00,4.00,7.1667,$14.37,30.00
545,24.0008.5008.50,240008500850(L),24.00,8.50,8.50,6.6701,$17.17,30.00
546,24.0012.5004.50,240012500450(K),24.00,12.50,4.50,6.4479,$13.45,30.00
547,24.0011.5008.50,240011500850(L),24.00,11.50,8.50,8.0243,$23.15,30.00
548,24.0012.5006.00,240012500600(L),24.00,12.50,6.00,7.2083,$17.84,30.00
549,24.0013.5008.00,240013500800(L),24.00,13.50,8.00,8.6667,$25.57,30.00
550,24.0011.5006.00,240011500600(L),24.00,11.50,6.00,6.7917,$16.42,30.00
551,24.0014.0008.00,240014000800(L),24.00,14.00,8.00,8.8889,$26.51,30.00
552,24.0014.0004.50,240014000450(K),24.00,14.00,4.50,7.0417,$15.05,30.00
553,24.0019.0010.00,240019001000(N),24.00,19.00,10.00,12.3056,$44.77,30.00
554,24.0010.0004.00,240010000400(K),24.00,10.00,4.00,5.2222,$9.61,30.00
555,24.0013.5009.50,240013500950(R),24.00,13.50,9.50,9.4479,$30.30,30.00
556,24.0014.0011.50,240014001150(N),24.00,14.00,11.50,10.7361,$37.96,30.00
557,24.0012.0006.00,240012000600(L),24.00,12.00,6.00,7.0000,$17.13,30.00
558,24.0012.5012.50,240012501250(P),24.00,12.50,12.50,10.5035,$36.85,30.00
559,24.0015.0012.50,240015001250(P),24.00,15.00,12.50,11.7708,$44.16,30.00
560,24.0013.0004.00,240013000400(K),24.00,13.00,4.00,6.3889,$12.47,30.00
561,24.0013.0011.50,240013001150(J),24.00,13.00,11.50,10.2431,$35.27,30.00
562,24.0010.0010.00,240010001000(J),24.00,10.00,10.00,8.0556,$23.68,30.00
563,24.0014.0009.00,240014000900(R),24.00,14.00,9.00,9.4167,$29.78,30.00
564,24.0015.5013.00,240015501300(S),24.00,15.50,13.00,12.2986,$47.43,30.00
565,24.0018.5011.00,240018501100(N),24.00,18.50,11.00,12.6597,$47.92,30.00
566,24.0011.5004.00,240011500400(K),24.00,11.50,4.00,5.8056,$11.04,30.00
567,24.0012.5005.50,240012500550(K),24.00,12.50,5.50,6.9549,$16.38,30.00
568,24.0008.5007.50,240008500750(L),24.00,8.50,7.50,6.2188,$15.17,30.00
569,24.0011.5007.00,240011500700(L),24.00,11.50,7.00,7.2847,$19.12,30.00
570,24.0015.5004.00,240015500400(M),24.00,15.50,4.00,7.3611,$14.84,30.00
571,24.0012.5006.50,240012500650(L),24.00,12.50,6.50,7.4618,$19.30,30.00
572,24.0011.0004.50,240011000450(K),24.00,11.00,4.50,5.8542,$11.85,30.00
573,24.0012.5010.50,240012501050(J),24.00,12.50,10.50,9.4896,$31.00,30.00
574,24.0008.5006.50,240008500650(L),24.00,8.50,6.50,5.7674,$13.17,30.00
575,24.0010.5004.00,240010500400(K),24.00,10.50,4.00,5.4167,$10.09,30.00
576,24.0018.0006.00,240018000600(N),24.00,18.00,6.00,9.5000,$25.63,30.00
577,24.0014.5007.00,240014500700(R),24.00,14.50,7.00,8.5764,$24.06,30.00
578,24.0015.0005.50,240015000550(K),24.00,15.00,5.50,7.9792,$19.63,30.00
579,24.0014.5004.50,240014500450(K),24.00,14.50,4.50,7.2396,$15.59,30.00
580,24.0015.5011.50,240015501150(N),24.00,15.50,11.50,11.4757,$42.00,30.00
581,24.0010.5005.00,240010500500(K),24.00,10.50,5.00,5.8958,$12.55,30.00
582,24.0014.0005.00,240014000500(K),24.00,14.00,5.00,7.3056,$16.69,30.00
583,24.0012.5010.00,240012501000(J),24.00,12.50,10.00,9.2361,$29.54,30.00
584,24.0017.5006.00,240017500600(N),24.00,17.50,6.00,9.2917,$24.92,30.00
585,24.0012.0007.00,240012000700(L),24.00,12.00,7.00,7.5000,$19.94,30.00
586,24.0014.5012.00,240014501200(N),24.00,14.50,12.00,11.2500,$41.00,30.00
587,24.0016.5013.00,240016501300(S),24.00,16.50,13.00,12.8125,$50.47,30.00
588,24.0014.5005.00,240014500500(K),24.00,14.50,5.00,7.5069,$17.28,30.00
589,24.0018.0012.00,240018001200(N),24.00,18.00,12.00,13.0000,$50.83,30.00
590,24.0015.0013.50,240015001350(S),24.00,15.00,13.50,12.3125,$47.66,30.00
591,25.0008.5008.50,250008500850(L),25.00,8.50,8.50,6.9063,$17.88,30.00
592,25.0011.0005.50,250011000550(O),25.00,11.00,5.50,6.5694,$15.03,30.00
593,25.0012.0004.00,250012000400(O),25.00,12.00,4.00,6.2222,$11.99,30.00
594,25.0012.0004.50,250012000450(O),25.00,12.00,4.50,6.4792,$13.45,30.00
595,25.0012.0006.00,250012000600(L),25.00,12.00,6.00,7.2500,$17.84,30.00
596,25.0012.0007.50,250012000750(L),25.00,12.00,7.50,8.0208,$22.23,30.00
597,25.0012.5005.00,250012500500(O),25.00,12.50,5.00,6.9444,$15.53,30.00
598,25.0012.5005.50,250012500550(O),25.00,12.50,5.50,7.2049,$17.06,30.00
599,25.0013.0004.50,250013000450(O),25.00,13.00,4.50,6.8889,$14.57,30.00
600,25.0013.0005.50,250013000550(O),25.00,13.00,5.50,7.4167,$17.73,30.00
601,25.0013.5009.50,250013500950(R),25.00,13.50,9.50,9.7674,$31.56,30.00
602,25.0013.5012.00,250013501200(N),25.00,13.50,12.00,11.1042,$39.78,30.00
603,25.0014.0009.50,250014000950(R),25.00,14.00,9.50,10.0069,$32.72,30.00
604,25.0016.0010.50,250016001050(M),25.00,16.00,10.50,11.5347,$41.25,30.00
605,25.0016.5011.00,250016501100(N),25.00,16.50,11.00,12.0694,$44.54,30.00
606,25.0019.0010.00,250019001000(N),25.00,19.00,10.00,12.7083,$46.63,30.00
607,25.0019.0010.50,250019001050(N),25.00,19.00,10.50,13.0139,$48.94,30.00
608,25.0019.5004.00,250019500400(N),25.00,19.50,4.00,9.2431,$19.43,30.00
609,25.0019.5010.00,250019501000(N),25.00,19.50,10.00,12.9514,$47.85,30.00
610,25.0019.5011.00,250019501100(N),25.00,19.50,11.00,13.5694,$52.59,30.00
611,25.0019.5011.50,250019501150(N),25.00,19.50,11.50,13.8785,$54.96,30.00
612,25.0020.0008.00,250020000800(N),25.00,20.00,8.00,11.9444,$39.36,30.00
613,25.0020.0011.00,250020001100(N),25.00,20.00,11.00,13.8194,$53.93,30.00
614,25.0020.0013.50,250020001350(T),25.00,20.00,13.50,15.3819,$66.08,30.00
615,25.0010.5009.50,250010500950(Q),25.00,10.50,9.50,8.3299,$24.60,30.00
616,25.0011.5005.00,250011500500(O),25.00,11.50,5.00,6.5278,$14.30,30.00
617,25.0011.0008.00,250011000800(L),25.00,11.00,8.00,7.8194,$21.73,30.00
618,25.0012.0005.00,250012000500(O),25.00,12.00,5.00,6.7361,$14.92,30.00
619,25.0014.5004.00,250014500400(O),25.00,14.50,4.00,7.2292,$14.47,30.00
620,25.0014.5005.00,250014500500(O),25.00,14.50,5.00,7.7778,$18.00,30.00
621,25.0012.0005.50,250012000550(O),25.00,12.00,5.50,6.9931,$16.38,30.00
622,25.0010.5004.00,250010500400(O),25.00,10.50,4.00,5.6181,$10.50,30.00
623,25.0011.0005.00,250011000500(O),25.00,11.00,5.00,6.3194,$13.68,30.00
624,25.0010.5004.50,250010500450(O),25.00,10.50,4.50,5.8646,$11.79,30.00
625,25.0013.0011.50,250013001150(N),25.00,13.00,11.50,10.5833,$36.73,30.00
626,25.0012.0007.00,250012000700(L),25.00,12.00,7.00,7.7639,$20.77,30.00
627,25.0011.0004.00,250011000400(O),25.00,11.00,4.00,5.8194,$11.00,30.00
628,25.0011.5007.00,250011500700(L),25.00,11.50,7.00,7.5417,$19.91,30.00
629,25.0011.0004.50,250011000450(O),25.00,11.00,4.50,6.0694,$12.34,30.00
630,25.0013.5006.00,250013500600(L),25.00,13.50,6.00,7.8958,$20.05,30.00
631,25.0011.5005.50,250011500550(O),25.00,11.50,5.50,6.7813,$15.70,30.00
632,25.0011.5006.50,250011500650(L),25.00,11.50,6.50,7.2882,$18.51,30.00
633,25.0011.0007.00,250011000700(L),25.00,11.00,7.00,7.3194,$19.05,30.00
634,25.0014.5004.50,250014500450(O),25.00,14.50,4.50,7.5035,$16.23,30.00
635,25.0017.5011.50,250017501150(N),25.00,17.50,11.50,12.8646,$49.35,30.00
636,25.0014.5008.00,250014500800(R),25.00,14.50,8.00,9.4236,$28.59,30.00
637,25.0013.0004.00,250013000400(O),25.00,13.00,4.00,6.6250,$12.98,30.00
638,25.0013.5006.50,250013500650(L),25.00,13.50,6.50,8.1632,$21.70,30.00
639,25.0012.0008.00,250012000800(L),25.00,12.00,8.00,8.2778,$23.69,30.00
640,25.0015.0011.50,250015001150(N),25.00,15.00,11.50,11.5972,$42.34,30.00
641,25.0013.5011.50,250013501150(N),25.00,13.50,11.50,10.8368,$38.14,30.00
642,25.0010.5005.50,250010500550(O),25.00,10.50,5.50,6.3576,$14.35,30.00
643,25.0011.5004.50,250011500450(O),25.00,11.50,4.50,6.2743,$12.90,30.00
644,25.0013.0006.50,250013000650(L),25.00,13.00,6.50,7.9444,$20.90,30.00
645,25.0013.0011.00,250013001100(M),25.00,13.00,11.00,10.3194,$35.15,30.00
646,25.0011.5004.00,250011500400(O),25.00,11.50,4.00,6.0208,$11.50,30.00
647,25.0012.5004.50,250012500450(O),25.00,12.50,4.50,6.6840,$14.01,30.00
648,25.0013.0010.50,250013001050(M),25.00,13.00,10.50,10.0556,$33.57,30.00
649,25.0012.5006.00,250012500600(L),25.00,12.50,6.00,7.4653,$18.58,30.00
650,25.0013.0005.00,250013000500(O),25.00,13.00,5.00,7.1528,$16.15,30.00
651,25.0012.0009.00,250012000900(Q),25.00,12.00,9.00,8.7917,$26.62,30.00
652,25.0013.0007.50,250013000750(L),25.00,13.00,7.50,8.4722,$24.07,30.00
653,25.0020.0005.50,250020000550(N),25.00,20.00,5.50,10.3819,$27.21,30.00
654,25.0013.0010.00,250013001000(R),25.00,13.00,10.00,9.7917,$31.98,30.00
655,26.0007.5006.00,260007500600(L),26.00,7.50,6.00,5.5000,$11.65,30.00
656,26.0009.5004.00,260009500400(O),26.00,9.50,4.00,5.4028,$9.89,30.00
657,26.0009.5004.50,260009500450(O),26.00,9.50,4.50,5.6493,$11.10,30.00
658,26.0011.0008.00,260011000800(L),26.00,11.00,8.00,8.0833,$22.60,30.00
659,26.0011.5004.00,260011500400(O),26.00,11.50,4.00,6.2361,$11.95,30.00
660,26.0011.5004.50,260011500450(O),26.00,11.50,4.50,6.4965,$13.41,30.00
661,26.0011.5005.00,260011500500(O),26.00,11.50,5.00,6.7569,$14.87,30.00
662,26.0011.5005.50,260011500550(O),26.00,11.50,5.50,7.0174,$16.33,30.00
663,26.0011.5006.50,260011500650(L),26.00,11.50,6.50,7.5382,$19.24,30.00
664,26.0011.5008.00,260011500800(L),26.00,11.50,8.00,8.3194,$23.62,30.00
665,26.0011.5008.50,260011500850(L),26.00,11.50,8.50,8.5799,$25.08,30.00
666,26.0011.5010.00,260011501000(Q),26.00,11.50,10.00,9.3611,$29.45,30.00
667,26.0012.0004.00,260012000400(O),26.00,12.00,4.00,6.4444,$12.47,30.00
668,26.0012.0004.50,260012000450(O),26.00,12.00,4.50,6.7083,$13.99,30.00
669,26.0012.0005.00,260012000500(O),26.00,12.00,5.00,6.9722,$15.51,30.00
670,26.0012.0006.00,260012000600(L),26.00,12.00,6.00,7.5000,$18.55,30.00
671,26.0012.0006.50,260012000650(L),26.00,12.00,6.50,7.7639,$20.07,30.00
672,26.0012.0008.00,260012000800(L),26.00,12.00,8.00,8.5556,$24.64,30.00
673,26.0012.0008.50,260012000850(L),26.00,12.00,8.50,8.8194,$26.16,30.00
674,26.0015.0013.50,260015001350(S),26.00,15.00,13.50,13.1042,$51.62,30.00
675,26.0015.0004.00,260015000400(R),26.00,15.00,4.00,7.6944,$15.56,30.00
676,26.0013.5011.50,260013501150(N),26.00,13.50,11.50,11.1840,$39.65,30.00
677,26.0014.5005.50,260014500550(O),26.00,14.50,5.50,8.3299,$20.55,30.00
678,26.0013.5005.00,260013500500(O),26.00,13.50,5.00,7.6181,$17.43,30.00
679,26.0014.0011.50,260014001150(N),26.00,14.00,11.50,11.4444,$41.11,30.00
680,26.0012.5004.50,260012500450(O),26.00,12.50,4.50,6.9201,$14.57,30.00
681,26.0013.5009.50,260013500950(R),26.00,13.50,9.50,10.0868,$32.82,30.00
682,26.0013.5005.50,260013500550(O),26.00,13.50,5.50,7.8924,$19.14,30.00
683,26.0012.0010.50,260012001050(Q),26.00,12.00,10.50,9.8750,$32.24,30.00
684,26.0018.0012.00,260018001200(N),26.00,18.00,12.00,13.8333,$55.05,30.00
685,26.0013.5004.50,260013500450(O),26.00,13.50,4.50,7.3438,$15.72,30.00
686,26.0014.5006.50,260014500650(R),26.00,14.50,6.50,8.8924,$24.22,30.00
687,26.0012.5005.50,260012500550(O),26.00,12.50,5.50,7.4549,$17.74,30.00
688,26.0013.5006.00,260013500600(L),26.00,13.50,6.00,8.1667,$20.85,30.00
689,26.0017.5012.00,260017501200(N),26.00,17.50,12.00,13.5694,$53.53,30.00
690,26.0013.5008.00,260013500800(L),26.00,13.50,8.00,9.2639,$27.69,30.00
691,26.0012.5004.00,260012500400(O),26.00,12.50,4.00,6.6528,$12.98,30.00
692,26.0015.0008.00,260015000800(R),26.00,15.00,8.00,9.9722,$30.74,30.00
693,26.0019.5011.50,260019501150(N),26.00,19.50,11.50,14.3090,$57.15,30.00
694,26.0014.5004.00,260014500400(O),26.00,14.50,4.00,7.4861,$15.05,30.00
695,26.0016.0004.00,260016000400(M),26.00,16.00,4.00,8.1111,$16.59,30.00
696,26.0017.0011.50,260017001150(N),26.00,17.00,11.50,13.0069,$49.86,30.00
697,26.0015.0011.50,260015001150(N),26.00,15.00,11.50,11.9653,$44.03,30.00
698,26.0017.0013.50,260017001350(S),26.00,17.00,13.50,14.2014,$58.46,30.00
699,26.0014.0008.50,260014000850(L),26.00,14.00,8.50,9.7778,$30.48,30.00
700,26.0014.0014.00,260014001400(T),26.00,14.00,14.00,12.8333,$49.97,30.00
701,26.0013.5006.50,260013500650(L),26.00,13.50,6.50,8.4410,$22.56,30.00
702,26.0012.5006.50,260012500650(L),26.00,12.50,6.50,7.9896,$20.90,30.00
703,26.0020.0011.50,260020001150(N),26.00,20.00,11.50,14.5694,$58.61,30.00
704,26.0016.0011.50,260016001150(N),26.00,16.00,11.50,12.4861,$46.94,30.00
705,26.0013.0011.50,260013001150(N),26.00,13.00,11.50,10.9236,$38.20,30.00
706,26.0012.5005.00,260012500500(O),26.00,12.50,5.00,7.1875,$16.15,30.00
707,26.0015.0011.00,260015001100(M),26.00,15.00,11.00,11.6806,$42.13,30.00
708,26.0013.0004.00,260013000400(O),26.00,13.00,4.00,6.8611,$13.50,30.00
709,26.0017.0006.00,260017000600(N),26.00,17.00,6.00,9.7222,$26.22,30.00
710,26.0014.0007.50,260014000750(L),26.00,14.00,7.50,9.2222,$26.94,30.00
711,26.0018.5014.50,260018501450(T),26.00,18.50,14.50,15.6424,$68.26,30.00
712,26.0019.0014.00,260019001400(T),26.00,19.00,14.00,15.6111,$67.69,30.00
713,26.0019.0011.50,260019001150(N),26.00,19.00,11.50,14.0486,$55.69,30.00
714,26.0014.5013.00,260014501300(S),26.00,14.50,13.00,12.5486,$48.08,30.00
715,27.0015.0009.50,270015000950(R),27.00,15.00,9.50,11.1667,$37.83,30.00
716,27.0013.5006.00,270013500600(R),27.00,13.50,6.00,8.4375,$21.65,30.00
717,27.0011.5009.00,270011500900(Q),27.00,11.50,9.00,9.1250,$27.55,30.00
718,27.0015.0010.50,270015001050(M),27.00,15.00,10.50,11.7500,$41.77,30.00
719,27.0014.0006.00,270014000600(R),27.00,14.00,6.00,8.6667,$22.45,30.00
720,27.0017.0014.00,270017001400(T),27.00,17.00,14.00,14.9306,$62.93,30.00
721,27.0015.5005.00,270015500500(M),27.00,15.50,5.00,8.7639,$20.76,30.00
722,27.0013.5005.00,270013500500(O),27.00,13.50,5.00,7.8750,$18.10,30.00
723,27.0015.5012.50,270015501250(P),27.00,15.50,12.50,13.1910,$51.30,30.00
724,27.0012.5006.50,270012500650(R),27.00,12.50,6.50,8.2535,$21.70,30.00
725,27.0011.5005.50,270011500550(O),27.00,11.50,5.50,7.2535,$16.95,30.00
726,27.0012.0006.00,270012000600(Q),27.00,12.00,6.00,7.7500,$19.26,30.00
727,27.0011.5007.00,270011500700(Q),27.00,11.50,7.00,8.0556,$21.49,30.00
728,27.0018.0005.00,270018000500(N),27.00,18.00,5.00,9.8750,$24.09,30.00
729,27.0017.0011.50,270017001150(N),27.00,17.00,11.50,13.4028,$51.77,30.00
730,27.0017.5011.50,270017501150(N),27.00,17.50,11.50,13.6701,$53.28,30.00
731,27.0012.5008.00,270012500800(R),27.00,12.50,8.00,9.0764,$26.64,30.00
732,27.0013.0011.50,270013001150(N),27.00,13.00,11.50,11.2639,$39.66,30.00
733,27.0010.5008.50,270010500850(Q),27.00,10.50,8.50,8.3646,$23.79,30.00
734,27.0012.5004.00,270012500400(O),27.00,12.50,4.00,6.8819,$13.48,30.00
735,27.0008.0005.00,270008000500(O),27.00,8.00,5.00,5.4306,$10.78,30.00
736,27.0015.0012.00,270015001200(N),27.00,15.00,12.00,12.6250,$47.69,30.00
737,27.0018.0013.50,270018001350(S),27.00,18.00,13.50,15.1875,$64.25,30.00
738,27.0015.5011.50,270015501150(N),27.00,15.50,11.50,12.6007,$47.23,30.00
739,27.0015.0008.00,270015000800(R),27.00,15.00,8.00,10.2917,$31.92,30.00
740,27.0011.5004.00,270011500400(O),27.00,11.50,4.00,6.4514,$12.41,30.00
741,27.0012.0008.00,270012000800(Q),27.00,12.00,8.00,8.8333,$25.58,30.00
742,27.0015.0005.50,270015000550(R),27.00,15.00,5.50,8.8333,$22.07,30.00
743,27.0010.5004.00,270010500400(O),27.00,10.50,4.00,6.0208,$11.34,30.00
744,27.0012.0004.00,270012000400(O),27.00,12.00,4.00,6.6667,$12.95,30.00
745,27.0019.0011.00,270019001100(N),27.00,19.00,11.00,14.1528,$55.33,30.00
746,27.0020.0012.00,270020001200(N),27.00,20.00,12.00,15.3333,$63.48,30.00
747,27.0011.5008.00,270011500800(Q),27.00,11.50,8.00,8.5903,$24.52,30.00
748,27.0015.5014.50,270015501450(T),27.00,15.50,14.50,14.3715,$59.44,30.00
749,27.0012.5008.50,270012500850(R),27.00,12.50,8.50,9.3507,$28.28,30.00
750,27.0011.5004.50,270011500450(O),27.00,11.50,4.50,6.7188,$13.93,30.00
751,27.0012.5006.00,270012500600(R),27.00,12.50,6.00,7.9792,$20.06,30.00
752,27.0017.5013.00,270017501300(S),27.00,17.50,13.00,14.5972,$60.17,30.00
753,27.0009.0009.00,270009000900(Q),27.00,9.00,9.00,7.8750,$21.61,30.00
754,27.0009.0004.50,270009000450(O),27.00,9.00,4.50,5.6250,$10.92,30.00
755,27.0018.0014.50,270018001450(T),27.00,18.00,14.50,15.8125,$68.97,30.00
756,27.0019.0013.00,270019001300(S),27.00,19.00,13.00,15.4306,$65.30,30.00
757,27.0016.0011.00,270016001100(M),27.00,16.00,11.00,12.5694,$46.64,30.00
758,28.0016.5011.50,280016501150(N),28.00,16.50,11.50,13.5243,$52.11,30.00
759,28.0016.5012.00,280016501200(N),28.00,16.50,12.00,13.8333,$54.36,30.00
760,28.0016.5014.00,280016501400(T),28.00,16.50,14.00,15.0694,$63.34,30.00
761,28.0017.0013.50,280017001350(S),28.00,17.00,13.50,15.0486,$62.94,30.00
762,28.0018.0010.00,280018001000(N),28.00,18.00,10.00,13.3889,$49.47,30.00
763,28.0010.0010.00,280010001000(Q),28.00,10.00,10.00,9.1667,$27.61,30.00
764,28.0010.5008.00,280010500800(Q),28.00,10.50,8.00,8.3611,$23.24,30.00
765,28.0019.5012.50,280019501250(P),28.00,19.50,12.50,15.8299,$66.83,30.00
766,28.0019.5010.00,280019501000(N),28.00,19.50,10.00,14.1806,$53.57,30.00
767,28.0010.5007.50,280010500750(Q),28.00,10.50,7.50,8.0938,$21.80,30.00
768,28.0011.5006.00,280011500600(Q),28.00,11.50,6.00,7.7639,$19.15,30.00
769,28.0019.5011.50,280019501150(N),28.00,19.50,11.50,15.1701,$61.53,30.00
770,28.0012.5008.00,280012500800(R),28.00,12.50,8.00,9.3611,$27.62,30.00
771,28.0015.5012.00,280015501200(N),28.00,15.50,12.00,13.2778,$51.08,30.00
772,28.0019.5007.50,280019500750(N),28.00,19.50,7.50,12.5313,$40.31,30.00
773,28.0013.5006.00,280013500600(R),28.00,13.50,6.00,8.7083,$22.45,30.00
774,28.0015.0011.50,280015001150(N),28.00,15.00,11.50,12.7014,$47.40,30.00
775,28.0013.5011.50,280013501150(N),28.00,13.50,11.50,11.8785,$42.69,30.00
776,28.0015.0004.00,280015000400(R),28.00,15.00,4.00,8.2222,$16.75,30.00
777,28.0012.5006.50,280012500650(R),28.00,12.50,6.50,8.5174,$22.50,30.00
778,28.0019.5009.50,280019500950(N),28.00,19.50,9.50,13.8507,$50.92,30.00
779,28.0016.0012.00,280016001200(N),28.00,16.00,12.00,13.5556,$52.72,30.00
780,28.0014.5012.00,280014501200(N),28.00,14.50,12.00,12.7222,$47.81,30.00
781,28.0014.5006.00,280014500600(R),28.00,14.50,6.00,9.1806,$24.10,30.00
782,28.0012.5007.50,280012500750(R),28.00,12.50,7.50,9.0799,$25.91,30.00
783,28.0014.0012.50,280014001250(P),28.00,14.00,12.50,12.7361,$48.08,30.00
784,28.0019.0010.00,280019001000(N),28.00,19.00,10.00,13.9167,$52.21,30.00
785,28.0017.0014.00,280017001400(T),28.00,17.00,14.00,15.3611,$65.25,30.00
786,28.0011.5004.50,280011500450(O),28.00,11.50,4.50,6.9410,$14.44,30.00
787,28.0011.5008.00,280011500800(Q),28.00,11.50,8.00,8.8611,$25.43,30.00
788,28.0016.0011.50,280016001150(N),28.00,16.00,11.50,13.2500,$50.54,30.00
789,28.0014.5009.00,280014500900(R),28.00,14.50,9.00,10.9514,$35.95,30.00
790,28.0012.5011.00,280012501100(N),28.00,12.50,11.00,11.0486,$37.85,30.00
791,28.0012.5006.00,280012500600(R),28.00,12.50,6.00,8.2361,$20.80,30.00
792,28.0011.5005.00,280011500500(O),28.00,11.50,5.00,7.2153,$16.01,30.00
793,28.0020.0012.00,280020001200(N),28.00,20.00,12.00,15.7778,$65.82,30.00
794,28.0020.0014.00,280020001400(T),28.00,20.00,14.00,17.1111,$76.70,30.00
795,28.0018.5012.50,280018501250(P),28.00,18.50,12.50,15.2674,$63.42,30.00
796,28.0012.5012.50,280012501250(P),28.00,12.50,12.50,11.8924,$42.96,30.00
797,28.0018.5013.50,280018501350(S),28.00,18.50,13.50,15.9132,$68.46,30.00
798,28.0020.0013.00,280020001300(T),28.00,20.00,13.00,16.4444,$71.26,30.00
799,28.0019.5012.00,280019501200(N),28.00,19.50,12.00,15.5000,$64.18,30.00
800,28.0020.0011.00,280020001100(N),28.00,20.00,11.00,15.1111,$60.38,30.00
801,28.0016.0014.00,280016001400(T),28.00,16.00,14.00,14.7778,$61.43,30.00
802,29.0011.5004.00,290011500400(O),29.00,11.50,4.00,6.8819,$13.33,30.00
803,29.0012.5004.00,290012500400(O),29.00,12.50,4.00,7.3403,$14.48,30.00
804,29.0012.5005.00,290012500500(O),29.00,12.50,5.00,7.9167,$18.01,30.00
805,29.0013.5005.50,290013500550(O),29.00,13.50,5.50,8.6840,$21.34,30.00
806,29.0014.5009.00,290014500900(R),29.00,14.50,9.00,11.2778,$37.23,30.00
807,29.0016.0014.50,290016001450(T),29.00,16.00,14.50,15.5069,$65.88,30.00
808,29.0020.0011.00,290020001100(P),29.00,20.00,11.00,15.5417,$62.53,30.00
809,29.0017.0012.00,290017001200(P),29.00,17.00,12.00,14.5139,$57.99,30.00
810,29.0012.5011.00,290012501100(P),29.00,12.50,11.00,11.3750,$39.20,30.00
811,29.0011.5005.50,290011500550(O),29.00,11.50,5.50,7.7257,$18.20,30.00
812,29.0013.0011.00,290013001100(P),29.00,13.00,11.00,11.6528,$40.75,30.00
813,29.0019.5013.50,290019501350(S),29.00,19.50,13.50,16.9479,$74.70,30.00
814,29.0014.5004.00,290014500400(O),29.00,14.50,4.00,8.2569,$16.78,30.00
815,29.0019.5012.00,290019501200(P),29.00,19.50,12.00,15.9375,$66.46,30.00
816,29.0011.5004.50,290011500450(O),29.00,11.50,4.50,7.1632,$14.95,30.00
817,29.0011.5006.00,290011500600(Q),29.00,11.50,6.00,8.0069,$19.83,30.00
818,29.0012.0006.50,290012000650(Q),29.00,12.00,6.50,8.5347,$22.38,30.00
819,29.0015.5012.50,290015501250(P),29.00,15.50,12.50,13.9688,$55.09,30.00
820,29.0011.5005.00,290011500500(O),29.00,11.50,5.00,7.4444,$16.58,30.00
821,29.0013.5011.50,290013501150(P),29.00,13.50,11.50,12.2257,$44.21,30.00
822,29.0018.5005.00,290018500500(P),29.00,18.50,5.00,10.7500,$26.58,30.00
823,29.0018.5009.50,290018500950(P),29.00,18.50,9.50,13.7188,$50.04,30.00
824,29.0013.5008.00,290013500800(R),29.00,13.50,8.00,10.1597,$30.87,30.00
825,29.0020.0005.50,290020000550(P),29.00,20.00,5.50,11.7986,$31.55,30.00
826,29.0015.0011.00,290015001100(P),29.00,15.00,11.00,12.7639,$46.97,30.00
827,29.0018.0013.50,290018001350(S),29.00,18.00,13.50,16.0625,$68.99,30.00
828,29.0015.0011.50,290015001150(P),29.00,15.00,11.50,13.0694,$49.09,30.00
829,29.0016.0013.50,290016001350(S),29.00,16.00,13.50,14.8819,$61.36,30.00
830,29.0014.5010.50,290014501050(P),29.00,14.50,10.50,12.1840,$43.37,30.00
831,29.0013.0010.00,290013001000(R),29.00,13.00,10.00,11.0694,$37.08,30.00
832,29.0013.0010.50,290013001050(P),29.00,13.00,10.50,11.3611,$38.92,30.00
833,29.0013.0004.50,290013000450(O),29.00,13.00,4.50,7.8611,$16.89,30.00
834,29.0015.5013.50,290015501350(S),29.00,15.50,13.50,14.5868,$59.46,30.00
835,29.0014.5007.00,290014500700(R),29.00,14.50,7.00,10.0694,$29.05,30.00
836,29.0014.5005.50,290014500550(O),29.00,14.50,5.50,9.1632,$22.91,30.00
837,29.0014.5004.50,290014500450(O),29.00,14.50,4.50,8.5590,$18.82,30.00
838,29.0016.0014.00,290016001400(T),29.00,16.00,14.00,15.1944,$63.62,30.00
839,29.0019.0013.50,290019001350(S),29.00,19.00,13.50,16.6528,$72.80,30.00
840,29.0020.0012.50,290020001250(P),29.00,20.00,12.50,16.5625,$70.98,30.00
841,29.0016.5013.50,290016501350(S),29.00,16.50,13.50,15.1771,$63.27,30.00
842,29.0019.5012.50,290019501250(P),29.00,19.50,12.50,16.2743,$69.21,30.00
843,29.0018.0014.50,290018001450(T),29.00,18.00,14.50,16.7153,$74.06,30.00
844,30.0010.0004.50,300010000450(Q),30.00,10.00,4.50,6.6667,$13.47,30.00
845,30.0010.0009.00,300010000900(Q),30.00,10.00,9.00,9.1667,$26.64,30.00
846,30.0011.5004.50,300011500450(Q),30.00,11.50,4.50,7.3854,$15.47,30.00
847,30.0011.5006.00,300011500600(Q),30.00,11.50,6.00,8.2500,$20.51,30.00
848,30.0011.5007.00,300011500700(Q),30.00,11.50,7.00,8.8264,$23.87,30.00
849,30.0011.5007.50,300011500750(Q),30.00,11.50,7.50,9.1146,$25.56,30.00
850,30.0011.5009.50,300011500950(Q),30.00,11.50,9.50,10.2674,$32.28,30.00
851,30.0012.0007.00,300012000700(Q),30.00,12.00,7.00,9.0833,$24.90,30.00
852,30.0012.0007.50,300012000750(Q),30.00,12.00,7.50,9.3750,$26.66,30.00
853,30.0012.5005.00,300012500500(R),30.00,12.50,5.00,8.1597,$18.63,30.00
854,30.0012.5005.50,300012500550(R),30.00,12.50,5.50,8.4549,$20.45,30.00
855,30.0012.5008.00,300012500800(R),30.00,12.50,8.00,9.9306,$29.59,30.00
856,30.0012.5010.00,300012501000(R),30.00,12.50,10.00,11.1111,$36.89,30.00
857,30.0013.0004.00,300013000400(R),30.00,13.00,4.00,7.8056,$15.57,30.00
858,30.0013.0005.50,300013000550(R),30.00,13.00,5.50,8.7014,$21.27,30.00
859,30.0013.0010.00,300013001000(R),30.00,13.00,10.00,11.3889,$38.35,30.00
860,30.0013.0011.00,300013001100(S),30.00,13.00,11.00,11.9861,$42.15,30.00
861,30.0013.5008.50,300013500850(R),30.00,13.50,8.50,10.7604,$33.90,30.00
862,30.0013.5010.50,300013501050(S),30.00,13.50,10.50,11.9688,$41.79,30.00
863,30.0013.5013.50,300013501350(S),30.00,13.50,13.50,13.7813,$53.62,30.00
864,30.0014.0011.50,300014001150(S),30.00,14.00,11.50,12.8611,$47.41,30.00
865,30.0014.0012.50,300014001250(S),30.00,14.00,12.50,13.4722,$51.50,30.00
866,30.0014.5011.50,300014501150(S),30.00,14.50,11.50,13.1493,$49.09,30.00
867,30.0015.0012.00,300015001200(S),30.00,15.00,12.00,13.7500,$52.96,30.00
868,30.0016.0008.00,300016000800(S),30.00,16.00,8.00,11.7778,$37.80,30.00
869,30.0016.0010.00,300016001000(S),30.00,16.00,10.00,13.0556,$47.14,30.00
870,30.0016.0011.00,300016001100(S),30.00,16.00,11.00,13.6944,$51.81,30.00
871,30.0016.0012.50,300016001250(S),30.00,16.00,12.50,14.6528,$58.81,30.00
872,30.0016.0014.50,300016001450(T),30.00,16.00,14.50,15.9306,$68.14,30.00
873,30.0016.5004.50,300016500450(S),30.00,16.50,4.50,9.7813,$22.14,30.00
874,30.0017.0010.50,300017001050(S),30.00,17.00,10.50,13.9375,$52.54,30.00
875,30.0017.5014.00,300017501400(T),30.00,17.50,14.00,16.5278,$71.94,30.00
876,30.0018.5006.50,300018500650(S),30.00,18.50,6.50,12.0868,$35.59,30.00
877,30.0019.0010.50,300019001050(S),30.00,19.00,10.50,15.0625,$58.69,30.00
878,30.0019.0013.50,300019001350(S),30.00,19.00,13.50,17.1042,$75.30,30.00
879,30.0019.0014.00,300019001400(T),30.00,19.00,14.00,17.4444,$78.07,30.00
880,30.0019.0014.50,300019001450(T),30.00,19.00,14.50,17.7847,$80.84,30.00
881,30.0019.5004.50,300019500450(S),30.00,19.50,4.50,11.2188,$26.14,30.00
882,30.0019.5007.00,300019500700(S),30.00,19.50,7.00,12.9375,$40.34,30.00
883,30.0019.5011.00,300019501100(S),30.00,19.50,11.00,15.6875,$63.07,30.00
884,30.0019.5011.50,300019501150(S),30.00,19.50,11.50,16.0313,$65.91,30.00
885,30.0020.0005.00,300020000500(T),30.00,20.00,5.00,11.8056,$29.72,30.00
886,30.0020.0006.50,300020000650(T),30.00,20.00,6.50,12.8472,$38.46,30.00
887,30.0020.0008.00,300020000800(T),30.00,20.00,8.00,13.8889,$47.20,30.00
888,30.0020.0011.00,300020001100(T),30.00,20.00,11.00,15.9722,$64.68,30.00
889,30.0020.0012.00,300020001200(T),30.00,20.00,12.00,16.6667,$70.50,30.00
890,30.0020.0012.50,300020001250(T),30.00,20.00,12.50,17.0139,$73.42,30.00
891,30.0020.0013.00,300020001300(T),30.00,20.00,13.00,17.3611,$76.33,30.00
892,30.0020.0013.50,300020001350(T),30.00,20.00,13.50,17.7083,$79.24,30.00
893,30.0007.5006.50,300007500650(Q),30.00,7.50,6.50,6.5104,$14.54,30.00
894,30.0011.0008.00,300011000800(Q),30.00,11.00,8.00,9.1389,$26.06,30.00
895,30.0008.5004.50,300008500450(Q),30.00,8.50,4.50,5.9479,$11.47,30.00
896,30.0012.0008.00,300012000800(Q),30.00,12.00,8.00,9.6667,$28.41,30.00
897,30.0012.0004.00,300012000400(Q),30.00,12.00,4.00,7.3333,$14.38,30.00
898,30.0012.0012.00,300012001200(Q),30.00,12.00,12.00,12.0000,$42.44,30.00
899,30.0019.5006.00,300019500600(S),30.00,19.50,6.00,12.2500,$34.66,30.00
900,30.0011.5009.00,300011500900(Q),30.00,11.50,9.00,9.9792,$30.60,30.00
901,30.0011.5005.00,300011500500(Q),30.00,11.50,5.00,7.6736,$17.15,30.00
902,30.0019.0011.50,300019001150(S),30.00,19.00,11.50,15.7431,$64.23,30.00
903,30.0012.0004.50,300012000450(Q),30.00,12.00,4.50,7.6250,$16.13,30.00
904,30.0011.5004.00,300011500400(Q),30.00,11.50,4.00,7.0972,$13.79,30.00
905,30.0019.5014.00,300019501400(T),30.00,19.50,14.00,17.7500,$80.11,30.00
906,30.0011.0008.50,300011000850(Q),30.00,11.00,8.50,9.4236,$27.67,30.00
907,30.0012.5007.50,300012500750(R),30.00,12.50,7.50,9.6354,$27.76,30.00
908,30.0019.5006.50,300019500650(S),30.00,19.50,6.50,12.5938,$37.50,30.00
909,30.0019.5010.50,300019501050(S),30.00,19.50,10.50,15.3438,$60.23,30.00
910,30.0019.5013.00,300019501300(S),30.00,19.50,13.00,17.0625,$74.43,30.00
911,30.0011.0009.50,300011000950(Q),30.00,11.00,9.50,9.9931,$30.89,30.00
912,30.0016.5011.00,300016501100(S),30.00,16.50,11.00,13.9792,$53.41,30.00
913,30.0019.0012.50,300019001250(S),30.00,19.00,12.50,16.4236,$69.76,30.00
914,30.0018.0014.50,300018001450(T),30.00,18.00,14.50,17.1667,$76.60,30.00
915,30.0018.0013.00,300018001300(S),30.00,18.00,13.00,16.1667,$68.73,30.00
916,30.0017.0011.50,300017001150(S),30.00,17.00,11.50,14.5903,$57.50,30.00
917,30.0013.0011.50,300013001150(S),30.00,13.00,11.50,12.2847,$44.05,30.00
918,30.0019.5012.50,300019501250(S),30.00,19.50,12.50,16.7188,$71.59,30.00
919,30.0018.0011.00,300018001100(S),30.00,18.00,11.00,14.8333,$58.24,30.00
920,30.0019.0013.00,300019001300(S),30.00,19.00,13.00,16.7639,$72.53,30.00
921,30.0019.5013.50,300019501350(S),30.00,19.50,13.50,17.4063,$77.27,30.00
922,30.0017.5012.00,300017501200(S),30.00,17.50,12.00,15.2083,$61.73,30.00
923,30.0019.5012.00,300019501200(S),30.00,19.50,12.00,16.3750,$68.75,30.00
924,30.0017.0013.50,300017001350(S),30.00,17.00,13.50,15.8958,$67.42,30.00
925,30.0018.0013.50,300018001350(S),30.00,18.00,13.50,16.5000,$71.36,30.00
926,30.0020.0014.00,300020001400(T),30.00,20.00,14.00,18.0556,$82.16,30.00
927,30.0015.0010.00,300015001000(R),30.00,15.00,10.00,12.5000,$44.21,30.00
928,19.5013.2510.50,195013251050(E),19.50,13.25,10.50,8.3646,$26.71,30.00
929,20.0010.5004.00,200010500401(G),20.00,10.50,4.00,4.6111,$8.41,30.00
930,20.7510.1004.00,207510100401(G),20.75,10.10,4.00,4.6247,$8.40,30.00
931,25.2507.0004.00,252507000401(O),25.25,7.00,4.00,4.2465,$7.11,30.00
932,23.2007.0004.00,232007000401(K),23.20,7.00,4.00,3.9333,$6.53,30.00
933,20.2507.0004.00,202507000401(G),20.25,7.00,4.00,3.4826,$5.70,30.00
934,17.0013.0004.00,170013000401(K),17.00,13.00,4.00,4.7361,$8.84,30.00
935,15.4111.96.0536,154111960536(F),15.41,11.96,5.36,4.5973,$9.83,30.00
936,29.5814.3013.52,29.5814.3013.52(T),29.58,14.30,13.52,14.1146,$56.06,30.00
937,16.5111.5105.16,16.5111.5105.16(F),16.51,11.51,5.16,4.6474,$9.77,30.00
938,18.2014.5603.69,18.2014.5603.69(F),18.2,14.56,3.69,5.3594,$9.79,30.00